sep=,
Street Number,Street Name,Street Address,Suburb,District,Capital Value,Land Value,Building Age,Floor Area (m²),Land Area (ha),Last Sale Price,Last Sale Date
" 18","Alcock Street","18 Alcock Street","Mount Wellington","Auckland City","$1,100,000","$840,000","1970-1979","190","0.0759","$590,000","21 Nov 2014"
" 2","Allen Road","2 Allen Road","Mount Wellington","Auckland City","$1,430,000","$740,000","1950-1959","230","0.0756","$1,000,000","2 Jul 2014"
" 3","Allen Road","3 Allen Road","Mount Wellington","Auckland City","$870,000","$740,000","1940-1949","80","0.0756","$170,000","7 Jul 1998"
" 5","Allen Road","5 Allen Road","Mount Wellington","Auckland City","$930,000","$740,000","1950-1959","103","0.0756","$500,000","23 Sep 2012"
" 6","Allen Road","6 Allen Road","Mount Wellington","Auckland City","$980,000","$740,000","1930-1939","156","0.0761","$299,000","21 Mar 2006"
" 9","Allen Road","9 Allen Road","Mount Wellington","Auckland City","$900,000","$660,000","1950-1959","125","0.0999","$205,000","1 Jan 1900"
" 10","Allen Road","10 Allen Road","Mount Wellington","Auckland City","$900,000","$690,000","1950-1959","110","0.0827","$960,000","9 Oct 2017"
" 11","Allen Road","11 Allen Road","Mount Wellington","Auckland City","$860,000","$710,000","1950-1959","80","0.0756","$336,500","15 May 2006"
" 13","Allen Road","13 Allen Road","Mount Wellington","Auckland City","$980,000","$740,000","1950-1959","198","0.0756","$93,000","23 Jul 1986"
" 14","Allen Road","14 Allen Road","Mount Wellington","Auckland City","$930,000","$740,000","1950-1959","97","0.0756","$424,000","30 Mar 2011"
" 72","Aranui Road","72 Aranui Road","Mount Wellington","Auckland City","$1,000,000","$690,000","1990-1999","192","0.0983","$148,000","1 Jan 1900"
" 74","Aranui Road","74 Aranui Road","Mount Wellington","Auckland City","$1,000,000","$770,000","1950-1959","157","0.0822","$820,000","16 Sep 2015"
" 82","Aranui Road","82 Aranui Road","Mount Wellington","Auckland City","$1,550,000","$690,000","2000-2009","443","0.0864","$102,000","11 Jul 1988"
" 88","Aranui Road","88 Aranui Road","Mount Wellington","Auckland City","$940,000","$780,000","1950-1959","122","0.0867","$100,000","15 May 1990"
" 90","Aranui Road","90 Aranui Road","Mount Wellington","Auckland City","$1,030,000","$940,000","1950-1959","125","0.0867","$490,000","31 May 2008"
" 102","Aranui Road","102 Aranui Road","Mount Wellington","Auckland City","$1,050,000","$970,000","1960-1969","166","0.0954","$125,000","30 Mar 1994"
" 106","Aranui Road","106 Aranui Road","Mount Wellington","Auckland City","$980,000","$880,000","1950-1959","120","0.0873","$175,000","1 Jan 1900"
" 111","Aranui Road","111 Aranui Road","Mount Wellington","Auckland City","$1,500,000","$870,000","1950-1959","390","0.0809","$210,000","30 Jul 1996"
" 129","Aranui Road","129 Aranui Road","Mount Wellington","Auckland City","$910,000","$770,000","1960-1969","155","0.0756","$260,000","13 Apr 2004"
" 5","Bailey Road","5 Bailey Road","Mount Wellington","Auckland City","$910,000","$790,000","1940-1949","94","0.0822","$375,000","25 Sep 2008"
" 7","Bailey Road","7 Bailey Road","Mount Wellington","Auckland City","$930,000","$790,000","1940-1949","140","0.0809","$188,000","27 Jan 1996"
" 8","Bailey Road","8 Bailey Road","Mount Wellington","Auckland City","$1,400,000","$690,000","1960-1969","250","0.0809","$395,000","13 May 2002"
" 9","Bailey Road","9 Bailey Road","Mount Wellington","Auckland City","$990,000","$790,000","1940-1949","202","0.0809","$346,250","1 Aug 2003"
" 10","Bailey Road","10 Bailey Road","Mount Wellington","Auckland City","$930,000","$690,000","1950-1959","146","0.0809","$357,000","9 Aug 2005"
" 13","Bailey Road","13 Bailey Road","Mount Wellington","Auckland City","$930,000","$820,000","1950-1959","123","0.0959","$240,000","1 Jan 1900"
" 14","Bailey Road","14 Bailey Road","Mount Wellington","Auckland City","$980,000","$850,000","1950-1959","132","0.0809","$1,105,000","31 May 2016"
" 18","Bailey Road","18 Bailey Road","Mount Wellington","Auckland City","$920,000","$690,000","1940-1949","121","0.0809","$146,500","17 Aug 1994"
" 25","Bailey Road","25 Bailey Road","Mount Wellington","Auckland City","$920,000","$740,000","1940-1949","138","0.087","$235,000","12 Jan 1999"
" 33","Bailey Road","33 Bailey Road","Mount Wellington","Auckland City","$850,000","$690,000","1950-1959","101","0.0829","$97,000","24 Jun 1988"
" 35","Bailey Road","35 Bailey Road","Mount Wellington","Auckland City","$880,000","$690,000","1960-1969","90","0.0809","$450,000","15 Mar 2012"
" 1","Banks Road","1 Banks Road","Mount Wellington","Auckland City","$1,170,000","$1,100,000","1950-1959","137","0.0857","$1,180,000","5 Jan 2017"
" 3","Banks Road","3 Banks Road","Mount Wellington","Auckland City","$1,025,000","$1,000,000","1950-1959","120","0.0857","$730,000","10 Jun 2014"
" 5","Banks Road","5 Banks Road","Mount Wellington","Auckland City","$1,030,000","$920,000","1950-1959","235","0.0845","$500,000","26 Nov 2004"
" 21","Banks Road","21 Banks Road","Mount Wellington","Auckland City","$950,000","$920,000","1940-1949","95","0.0905","$933,200","14 Jul 2017"
" 23","Banks Road","23 Banks Road","Mount Wellington","Auckland City","$980,000","$950,000","1950-1959","149","0.0875","$70,000","24 Jun 1983"
" 35","Banks Road","35 Banks Road","Mount Wellington","Auckland City","$865,000","$840,000","1950-1959","120","0.0855","$630,000","18 Dec 2013"
" 55","Banks Road","55 Banks Road","Mount Wellington","Auckland City","$950,000","$920,000","1960-1969","101","0.0809","$297,000","25 Mar 2004"
" 57","Banks Road","57 Banks Road","Mount Wellington","Auckland City","$1,000,000","$920,000","1950-1959","159","0.0817","$100,000","23 Jul 1993"
" 64","Banks Road","64 Banks Road","Mount Wellington","Auckland City","$980,000","$950,000","1950-1959","106","0.087","$610,000","28 Apr 2013"
" 65","Banks Road","65 Banks Road","Mount Wellington","Auckland City","$1,030,000","$1,000,000","1960-1969","169","0.0943","$137,000","17 Jun 1992"
" 67","Banks Road","67 Banks Road","Mount Wellington","Auckland City","$950,000","$920,000","1950-1959","99","0.0809","$482,475","16 Jan 2012"
" 18","Barrack Road","18 Barrack Road","Mount Wellington","Auckland City","$980,000","$920,000","1940-1949","121","0.0911","$410,000","8 May 2006"
" 31","Barrack Road","31 Barrack Road","Mount Wellington","Auckland City","$1,030,000","$920,000","1950-1959","202","0.0917","$265,000","1 Jan 1900"
" 39","Barrack Road","39 Barrack Road","Mount Wellington","Auckland City","$950,000","$870,000","1950-1959","119","0.0809","$440,000","3 Jul 2010"
" 41","Barrack Road","41 Barrack Road","Mount Wellington","Auckland City","$1,030,000","$870,000","1950-1959","240","0.0809","$133,000","22 May 1993"
" 47","Barrack Road","47 Barrack Road","Mount Wellington","Auckland City","$1,050,000","$970,000","1950-1959","246","0.0809","$279,000","16 Nov 2002"
" 48","Barrack Road","48 Barrack Road","Mount Wellington","Auckland City","$950,000","$900,000","1950-1959","127","0.0864","$1,180,000","9 Nov 2017"
" 49","Barrack Road","49 Barrack Road","Mount Wellington","Auckland City","$995,000","$970,000","1950-1959","91","0.0809","$53,000","8 Dec 1983"
" 50","Barrack Road","50 Barrack Road","Mount Wellington","Auckland City","$950,000","$900,000","1950-1959","99","0.0864","$195,000","1 Jan 1900"
" 52","Barrack Road","52 Barrack Road","Mount Wellington","Auckland City","$930,000","$870,000","1940-1949","103","0.0864","$175,000","1 Jan 1900"
" 54","Barrack Road","54 Barrack Road","Mount Wellington","Auckland City","$960,000","$920,000","1950-1959","107","0.0888","$255,000","1 Jan 1900"
" 61","Barrack Road","61 Barrack Road","Mount Wellington","Auckland City","$960,000","$870,000","1950-1959","140","0.0809","$110,000","7 Oct 1991"
" 67","Barrack Road","67 Barrack Road","Mount Wellington","Auckland City","$950,000","$870,000","1950-1959","148","0.0809","$192,000","25 Jun 1996"
" 82A","Barrack Road","82A Barrack Road","Mount Wellington","Auckland City","$950,000","$900,000","1980-1989","86","0.0892","$25,667","18 Sep 1979"
" 88","Barrack Road","88 Barrack Road","Mount Wellington","Auckland City","$1,055,000","$1,030,000","1920-1929","130","0.0971","$490,000","4 Apr 2009"
" 89","Barrack Road","89 Barrack Road","Mount Wellington","Auckland City","$1,030,000","$970,000","1970-1979","176","0.0994","$152,000","7 Mar 1989"
" 95","Barrack Road","95 Barrack Road","Mount Wellington","Auckland City","$950,000","$900,000","1950-1959","116","0.0751","$453,500","18 Oct 2011"
" 102","Barrack Road","102 Barrack Road","Mount Wellington","Auckland City","$950,000","$870,000","1970-1979","98","0.0888","$68,000","16 Mar 1984"
" 103","Barrack Road","103 Barrack Road","Mount Wellington","Auckland City","$1,750,000","$1,625,000","1960-1969","354","0.0936","",""
" 105","Barrack Road","105 Barrack Road","Mount Wellington","Auckland City","$980,000","$950,000","1950-1959","145","0.0797","$220,000","1 Feb 2000"
" 107","Barrack Road","107 Barrack Road","Mount Wellington","Auckland City","$1,000,000","$970,000","1950-1959","97","0.0809","$510,000","5 Dec 2007"
" 109","Barrack Road","109 Barrack Road","Mount Wellington","Auckland City","$995,000","$970,000","1950-1959","117","0.0809","$333,000","20 Sep 2004"
" 111","Barrack Road","111 Barrack Road","Mount Wellington","Auckland City","$980,000","$920,000","1950-1959","116","0.0809","$230,000","1 Jan 1900"
" 113","Barrack Road","113 Barrack Road","Mount Wellington","Auckland City","$980,000","$920,000","1950-1959","135","0.0809","$156,000","23 Apr 1994"
" 117","Barrack Road","117 Barrack Road","Mount Wellington","Auckland City","$960,000","$920,000","1950-1959","127","0.0809","$185,400","29 Aug 2001"
" 121","Barrack Road","121 Barrack Road","Mount Wellington","Auckland City","$960,000","$920,000","1950-1959","125","0.0809","$574,000","11 Sep 2012"
" 123","Barrack Road","123 Barrack Road","Mount Wellington","Auckland City","$980,000","$920,000","1950-1959","154","0.0809","$105,000","6 Jun 1986"
" 125","Barrack Road","125 Barrack Road","Mount Wellington","Auckland City","$1,000,000","$920,000","1950-1959","180","0.0809","$900,000","16 Apr 2015"
" 127","Barrack Road","127 Barrack Road","Mount Wellington","Auckland City","$990,000","$920,000","1950-1959","163","0.0809","$235,000","1 Jan 1900"
" 133","Barrack Road","133 Barrack Road","Mount Wellington","Auckland City","$740,000","$710,000","1950-1959","102","0.0916","$290,000","16 Jul 2010"
" 134","Barrack Road","134 Barrack Road","Mount Wellington","Auckland City","$1,000,000","$840,000","1980-1989","140","0.0802","$170,984","10 May 1989"
" 137","Barrack Road","137 Barrack Road","Mount Wellington","Auckland City","$630,000","$630,000","Unknown","0","0.0776","$107,000","18 Mar 1988"
" 137A","Barrack Road","137A Barrack Road","Mount Wellington","Auckland City","$590,000","$590,000","Unknown","0","0.0776","$111,000","1 Jan 1900"
" 140","Barrack Road","140 Barrack Road","Mount Wellington","Auckland City","$1,130,000","$920,000","1950-1959","202","0.0994","$83,000","8 Dec 1986"
" 150","Barrack Road","150 Barrack Road","Mount Wellington","Auckland City","$950,000","$870,000","1950-1959","108","0.0809","$210,000","1 Jan 1900"
" 162","Barrack Road","162 Barrack Road","Mount Wellington","Auckland City","$950,000","$820,000","1950-1959","121","0.0809","$828,000","11 Jun 2015"
" 184","Barrack Road","184 Barrack Road","Mount Wellington","Auckland City","$990,000","$950,000","1950-1959","109","0.0883","$40,000","20 Apr 2015"
" 188","Barrack Road","188 Barrack Road","Mount Wellington","Auckland City","$1,300,000","$790,000","1950-1959","247","0.0845","$225,000","17 Nov 2003"
" 1","Bass Road","1 Bass Road","Mount Wellington","Auckland City","$900,000","$740,000","1950-1959","127","0.0763","$195,800","29 Apr 2001"
" 3","Bass Road","3 Bass Road","Mount Wellington","Auckland City","$920,000","$710,000","1950-1959","87","0.0756","$160,000","28 Apr 1995"
" 9","Bass Road","9 Bass Road","Mount Wellington","Auckland City","$1,080,000","$660,000","1950-1959","182","0.0969","$190,600","22 May 2002"
" 13","Bass Road","13 Bass Road","Mount Wellington","Auckland City","$920,000","$740,000","1950-1959","92","0.0756","$451,000","20 Oct 2010"
" 15","Bass Road","15 Bass Road","Mount Wellington","Auckland City","$1,230,000","$740,000","1950-1959","95","0.0756","$870,000","2 Nov 2015"
" 16","Bass Road","16 Bass Road","Mount Wellington","Auckland City","$1,280,000","$740,000","1950-1959","224","0.0756","$75,000","30 Nov 1992"
" 15","Bernard Street","15 Bernard Street","Mount Wellington","Auckland City","$610,000","$490,000","1960-1969","93","0.0774","$155,000","1 Jan 1900"
" 18","Bernard Street","18 Bernard Street","Mount Wellington","Auckland City","$610,000","$490,000","1960-1969","93","0.0817","$170,000","1 Apr 2004"
" 19","Bernard Street","19 Bernard Street","Mount Wellington","Auckland City","$630,000","$490,000","1960-1969","85","0.0766","$155,000","1 Jan 1900"
" 32","Bernard Street","32 Bernard Street","Mount Wellington","Auckland City","$610,000","$490,000","1960-1969","99","0.0842","$155,000","1 Jan 1900"
" 34","Bernard Street","34 Bernard Street","Mount Wellington","Auckland City","$670,000","$490,000","1960-1969","99","0.0782","$223,091","7 Sep 2007"
" 35","Bernard Street","35 Bernard Street","Mount Wellington","Auckland City","$750,000","$490,000","1950-1959","131","0.0809","$176,500","6 Aug 2002"
" 37","Bernard Street","37 Bernard Street","Mount Wellington","Auckland City","$720,000","$490,000","1960-1969","135","0.0825","$170,000","1 Jan 1900"
" 39","Bernard Street","39 Bernard Street","Mount Wellington","Auckland City","$670,000","$530,000","1960-1969","93","0.0769","$155,000","1 Jan 1900"
" 43","Bernard Street","43 Bernard Street","Mount Wellington","Auckland City","$720,000","$540,000","1960-1969","107","0.0809","$155,000","1 Jan 1900"
" 3","Bertrand Road","3 Bertrand Road","Mount Wellington","Auckland City","$950,000","$900,000","1970-1979","97","0.0789","$195,000","1 Jan 1900"
" 5","Bertrand Road","5 Bertrand Road","Mount Wellington","Auckland City","$980,000","$950,000","1970-1979","103","0.0954","$89,000","20 Aug 1987"
" 11","Bertrand Road","11 Bertrand Road","Mount Wellington","Auckland City","$1,180,000","$1,120,000","1970-1979","90","0.0943","$1,210,000","6 Apr 2016"
" 2","Boakes Road","2 Boakes Road","Mount Wellington","Auckland City","$1,230,000","$870,000","1950-1959","249","0.0812","$215,000","1 Jan 1900"
" 5","Boakes Road","5 Boakes Road","Mount Wellington","Auckland City","$1,300,000","$790,000","1960-1969","256","0.0817","$133,000","26 Sep 1991"
" 6","Boakes Road","6 Boakes Road","Mount Wellington","Auckland City","$980,000","$950,000","1950-1959","89","0.0759","$195,000","1 Jan 1900"
" 10","Boakes Road","10 Boakes Road","Mount Wellington","Auckland City","$980,000","$950,000","1950-1959","109","0.0763","$750,000","2 May 2014"
" 16","Boakes Road","16 Boakes Road","Mount Wellington","Auckland City","$950,000","$900,000","1950-1959","92","0.0756","$200,000","1 Jan 1900"
" 18","Boakes Road","18 Boakes Road","Mount Wellington","Auckland City","$950,000","$920,000","1950-1959","87","0.0822","$106,000","17 Aug 1992"
" 20","Boakes Road","20 Boakes Road","Mount Wellington","Auckland City","$1,030,000","$900,000","1950-1959","213","0.0855","$123,000","25 May 1989"
" 24","Boakes Road","24 Boakes Road","Mount Wellington","Auckland City","$960,000","$920,000","1950-1959","125","0.0917","$205,000","1 Jan 1900"
" 27","Boakes Road","27 Boakes Road","Mount Wellington","Auckland City","$975,000","$950,000","1950-1959","88","0.0756","$209,000","10 Nov 1997"
" 29","Boakes Road","29 Boakes Road","Mount Wellington","Auckland City","$980,000","$920,000","1950-1959","129","0.0835","$279,500","12 Jun 2004"
" 39","Boakes Road","39 Boakes Road","Mount Wellington","Auckland City","$930,000","$900,000","1950-1959","87","0.0756","$195,000","1 Jan 1900"
" 41","Boakes Road","41 Boakes Road","Mount Wellington","Auckland City","$930,000","$900,000","1950-1959","91","0.0756","$450,000","21 Sep 2016"
" 43","Boakes Road","43 Boakes Road","Mount Wellington","Auckland City","$930,000","$900,000","1950-1959","87","0.0756","$134,000","18 Feb 1994"
" 45","Boakes Road","45 Boakes Road","Mount Wellington","Auckland City","$930,000","$900,000","1950-1959","103","0.0756","$205,000","1 Jan 1900"
" 49","Boakes Road","49 Boakes Road","Mount Wellington","Auckland City","$960,000","$900,000","1950-1959","111","0.0756","$465,000","21 May 2010"
" 50","Boakes Road","50 Boakes Road","Mount Wellington","Auckland City","$980,000","$900,000","1950-1959","120","0.0756","$100,000","15 Feb 1993"
" 54","Boakes Road","54 Boakes Road","Mount Wellington","Auckland City","$1,200,000","$900,000","1950-1959","126","0.0756","$768,000","16 Sep 2013"
" 55","Boakes Road","55 Boakes Road","Mount Wellington","Auckland City","$1,500,000","$900,000","2000-2009","293","0.0787","$195,000","3 Apr 1998"
" 60","Boakes Road","60 Boakes Road","Mount Wellington","Auckland City","$930,000","$900,000","1950-1959","82","0.0756","$88,000","2 Nov 1998"
" 64","Boakes Road","64 Boakes Road","Mount Wellington","Auckland City","$920,000","$840,000","1950-1959","98","0.0756","$195,000","1 Jan 1900"
" 66","Boakes Road","66 Boakes Road","Mount Wellington","Auckland City","$1,000,000","$840,000","1950-1959","173","0.0782","$675,000","26 Aug 1994"
" 74","Boakes Road","74 Boakes Road","Mount Wellington","Auckland City","$950,000","$840,000","1950-1959","168","0.0756","$265,000","1 Jan 1900"
" 78","Boakes Road","78 Boakes Road","Mount Wellington","Auckland City","$1,230,000","$900,000","1950-1959","229","0.0756","$97,500","5 Jun 1992"
" 4","Camp Road","4 Camp Road","Mount Wellington","Auckland City","$900,000","$660,000","1930-1939","119","0.0809","$960,000","26 Oct 2016"
" 8","Camp Road","8 Camp Road","Mount Wellington","Auckland City","$940,000","$660,000","1940-1949","195","0.0946","$412,000","19 Dec 2007"
" 9","Camp Road","9 Camp Road","Mount Wellington","Auckland City","$930,000","$620,000","1950-1959","143","0.0774","$390,000","11 Jul 2007"
" 10","Camp Road","10 Camp Road","Mount Wellington","Auckland City","$850,000","$660,000","1940-1949","99","0.0809","$175,000","1 Jan 1900"
" 12","Camp Road","12 Camp Road","Mount Wellington","Auckland City","$910,000","$660,000","1920-1929","76","0.0818","$575,000","11 Jun 2013"
" 16","Camp Road","16 Camp Road","Mount Wellington","Auckland City","$940,000","$660,000","1970-1979","165","0.0923","$800,000","28 Feb 2015"
" 18","Camp Road","18 Camp Road","Mount Wellington","Auckland City","$850,000","$660,000","1920-1929","127","0.0836","$110,000","4 Nov 1993"
" 19","Camp Road","19 Camp Road","Mount Wellington","Auckland City","$1,350,000","$590,000","2010-2019","255","0.0756","$1,050,000","21 Oct 2015"
" 20","Camp Road","20 Camp Road","Mount Wellington","Auckland City","$830,000","$620,000","1920-1929","89","0.0779","$150,000","1 Jan 1900"
" 21","Camp Road","21 Camp Road","Mount Wellington","Auckland City","$800,000","$590,000","1950-1959","95","0.0759","$177,000","9 Jan 1997"
" 30","Camp Road","30 Camp Road","Mount Wellington","Auckland City","$900,000","$620,000","1920-1929","148","0.0776","$190,000","1 Jan 1900"
" 6/99","Carbine Road","6/99 Carbine Road","Mount Wellington","Auckland City","$2,025,000","$690,000","1970-1979","897","0.086","$2,100,000","14 Nov 2016"
" 3","Cebalo Place","3 Cebalo Place","Mount Wellington","Auckland City","$900,000","$690,000","1970-1979","99","0.093","$135,000","4 Jul 1990"
" 4","Cebalo Place","4 Cebalo Place","Mount Wellington","Auckland City","$900,000","$690,000","1970-1979","112","0.0845","$920,000","28 Apr 2016"
" 8","Cebalo Place","8 Cebalo Place","Mount Wellington","Auckland City","$950,000","$690,000","1990-1999","154","0.0846","$643,000","27 Sep 2013"
" 9","Cebalo Place","9 Cebalo Place","Mount Wellington","Auckland City","$870,000","$660,000","1990-1999","199","0.098","$560,000","1 Dec 2013"
" 10","Cebalo Place","10 Cebalo Place","Mount Wellington","Auckland City","$900,000","$690,000","1990-1999","79","0.0952","$635,000","8 Jan 2016"
" 11","Cebalo Place","11 Cebalo Place","Mount Wellington","Auckland City","$900,000","$640,000","1990-1999","93","0.0906","$361,500","17 Sep 2010"
" 12","Cebalo Place","12 Cebalo Place","Mount Wellington","Auckland City","$840,000","$530,000","1990-1999","117","0.0942","$150,000","1 May 1995"
" 14","Cebalo Place","14 Cebalo Place","Mount Wellington","Auckland City","$870,000","$530,000","1990-1999","133","0.0876","$698,000","19 Sep 2015"
" 15","Cebalo Place","15 Cebalo Place","Mount Wellington","Auckland City","$920,000","$690,000","1990-1999","85","0.0939","$215,000","18 Jul 2002"
" 16","Cebalo Place","16 Cebalo Place","Mount Wellington","Auckland City","$1,030,000","$710,000","1990-1999","202","0.0897","$1,095,000","7 Dec 2016"
" 22","Cebalo Place","22 Cebalo Place","Mount Wellington","Auckland City","$960,000","$870,000","1980-1989","148","0.0872","$190,000","1 Jan 1900"
" 15","Charlotte Street","15 Charlotte Street","Mount Wellington","Auckland","$800,000","$420,000","1990-1999","180","0.0848","$205,000","16 May 1995"
" 7","Clare Place","7 Clare Place","Mount Wellington","Auckland City","$2,780,000","$950,000","1970-1979","336","0.0945","$1,250,000","3 Aug 2010"
" 13","Clare Place","13 Clare Place","Mount Wellington","Auckland City","$1,680,000","$950,000","1960-1969","240","0.085","$1,000,000","16 Sep 2013"
" 18","Commissariat Road","18 Commissariat Road","Mount Wellington","Auckland City","$975,000","$950,000","1950-1959","108","0.0928","$205,000","1 Jan 1900"
" 20","Commissariat Road","20 Commissariat Road","Mount Wellington","Auckland City","$1,150,000","$950,000","1950-1959","160","0.0928","$685,000","4 Jun 2007"
" 26","Commissariat Road","26 Commissariat Road","Mount Wellington","Auckland City","$975,000","$950,000","1950-1959","100","0.0941","$540,000","31 Mar 2007"
" 28","Commissariat Road","28 Commissariat Road","Mount Wellington","Auckland City","$1,000,000","$950,000","1950-1959","184","0.0941","$106,777","13 Apr 1999"
" 32","Commissariat Road","32 Commissariat Road","Mount Wellington","Auckland City","$980,000","$950,000","1950-1959","118","0.0941","$245,000","25 Jun 1997"
" 34","Commissariat Road","34 Commissariat Road","Mount Wellington","Auckland City","$1,030,000","$1,000,000","1950-1959","104","0.0941","$54,000","15 Apr 1982"
" 43","Commissariat Road","43 Commissariat Road","Mount Wellington","Auckland City","$1,300,000","$920,000","1970-1979","245","0.0895","$280,000","20 Dec 2001"
" 45","Commissariat Road","45 Commissariat Road","Mount Wellington","Auckland City","$2,000,000","$920,000","Mixed/Remod","430","0.0875","$480,000","16 Oct 2007"
" 61","Commissariat Road","61 Commissariat Road","Mount Wellington","Auckland City","$995,000","$970,000","1920-1929","115","0.0885","$455,000","27 Feb 2009"
" 67","Commissariat Road","67 Commissariat Road","Mount Wellington","Auckland City","$1,030,000","$1,000,000","1950-1959","129","0.0928","$225,000","1 Jan 1900"
" 73","Commissariat Road","73 Commissariat Road","Mount Wellington","Auckland City","$995,000","$970,000","1950-1959","99","0.0824","$111,500","5 Jun 1993"
" 74","Commissariat Road","74 Commissariat Road","Mount Wellington","Auckland City","$1,000,000","$900,000","1960-1969","172","0.0835","$205,000","1 Jan 1900"
" 17","Coppins Road","17 Coppins Road","Mount Wellington","Auckland City","$650,000","$440,000","1950-1959","74","0.0791","$231,250","28 Jun 2005"
" 18","Coppins Road","18 Coppins Road","Mount Wellington","Auckland City","$700,000","$450,000","1950-1959","89","0.0835","$74,000","3 Jun 1987"
" 19","Coppins Road","19 Coppins Road","Mount Wellington","Auckland City","$700,000","$470,000","1950-1959","88","0.0903","$588,000","28 May 2015"
" 20","Coppins Road","20 Coppins Road","Mount Wellington","Auckland City","$670,000","$450,000","1950-1959","96","0.0804","$256,000","9 Nov 2009"
" 23","Coppins Road","23 Coppins Road","Mount Wellington","Auckland City","$860,000","$570,000","1950-1959","126","0.0948","$790,000","23 Jan 2017"
" 24","Coppins Road","24 Coppins Road","Mount Wellington","Auckland City","$830,000","$560,000","1950-1959","97","0.0851","$225,000","17 Jun 2003"
" 26","Coppins Road","26 Coppins Road","Mount Wellington","Auckland City","$910,000","$540,000","1960-1969","166","0.0766","$480,019","23 Sep 2008"
" 2","Cotswold Lane","2 Cotswold Lane","Mount Wellington","Auckland City","$920,000","$690,000","1960-1969","144","0.0819","$930,000","21 Jul 2016"
" 3","Cotswold Lane","3 Cotswold Lane","Mount Wellington","Auckland City","$880,000","$690,000","1960-1969","111","0.0797","$185,000","27 Feb 2002"
" 4","Cotswold Lane","4 Cotswold Lane","Mount Wellington","Auckland City","$910,000","$710,000","1960-1969","140","0.0851","$100,000","12 Nov 1987"
" 5","Cotswold Lane","5 Cotswold Lane","Mount Wellington","Auckland City","$880,000","$710,000","1960-1969","111","0.0883","$400,000","25 Sep 2009"
" 6","Cotswold Lane","6 Cotswold Lane","Mount Wellington","Auckland City","$930,000","$710,000","1960-1969","140","0.0964","$325,000","13 Jan 2005"
" 9","Cotswold Lane","9 Cotswold Lane","Mount Wellington","Auckland City","$880,000","$690,000","1960-1969","109","0.0769","$115,000","25 Jan 1991"
" 10","Cotswold Lane","10 Cotswold Lane","Mount Wellington","Auckland City","$910,000","$770,000","1960-1969","113","0.0756","$385,000","24 Jul 2007"
" 13","Cotswold Lane","13 Cotswold Lane","Mount Wellington","Auckland City","$960,000","$790,000","1960-1969","148","0.0857","$225,000","1 Jan 1900"
" 21","Cotswold Lane","21 Cotswold Lane","Mount Wellington","Auckland City","$930,000","$710,000","1960-1969","148","0.0873","$325,000","6 Nov 2004"
" 337","Ellerslie-Panmure Highway","337 Ellerslie-Panmure Highway","Mount Wellington","Auckland City","$910,000","$735,000","1970-1979","138","0.0753","$934,000","20 Feb 2017"
" 373","Ellerslie-Panmure Highway","373 Ellerslie-Panmure Highway","Mount Wellington","Auckland City","$1,055,000","$1,000,000","1950-1959","105","0.0822","$325,000","28 Oct 2003"
" 381","Ellerslie-Panmure Highway","381 Ellerslie-Panmure Highway","Mount Wellington","Auckland City","$1,120,000","$1,020,000","1950-1959","137","0.0822","$555,000","10 Aug 2008"
" 387","Ellerslie-Panmure Highway","387 Ellerslie-Panmure Highway","Mount Wellington","Auckland City","$1,150,000","$1,030,000","1950-1959","152","0.0835","$560,000","2 Oct 2007"
" 387A","Ellerslie-Panmure Highway","387A Ellerslie-Panmure Highway","Mount Wellington","Auckland City","$1,010,000","$975,000","1970-1979","103","0.0819","$420,000","1 Mar 2012"
" 389A","Ellerslie-Panmure Highway","389A Ellerslie-Panmure Highway","Mount Wellington","Auckland City","$950,000","$930,000","1960-1969","119","0.0784","$961,000","27 Jun 2015"
" 391","Ellerslie-Panmure Highway","391 Ellerslie-Panmure Highway","Mount Wellington","Auckland City","$900,000","$765,000","1960-1969","121","0.0784","$185,000","1 Jan 1900"
" 405B","Ellerslie-Panmure Highway","405B Ellerslie-Panmure Highway","Mount Wellington","Auckland City","$1,080,000","$840,000","1970-1979","200","0.0966","$70,000","7 May 1986"
" 411","Ellerslie-Panmure Highway","411 Ellerslie-Panmure Highway","Mount Wellington","Auckland City","$1,055,000","$995,000","1950-1959","110","0.0809","$1,100,000","4 Mar 2015"
" 417","Ellerslie-Panmure Highway","417 Ellerslie-Panmure Highway","Mount Wellington","Auckland City","$1,550,000","$995,000","1980-1989","481","0.0809","$1,400,000","18 Apr 2016"
" 445","Ellerslie-Panmure Highway","445 Ellerslie-Panmure Highway","Mount Wellington","Auckland City","$1,100,000","$910,000","1940-1949","174","0.0856","$535,000","11 Aug 2012"
" 447","Ellerslie-Panmure Highway","447 Ellerslie-Panmure Highway","Mount Wellington","Auckland City","$980,000","$735,000","1940-1949","234","0.0781","$485,000","8 Feb 2012"
" 449","Ellerslie-Panmure Highway","449 Ellerslie-Panmure Highway","Mount Wellington","Auckland City","$900,000","$760,000","1940-1949","123","0.0763","$108,000","26 Apr 1988"
" 451","Ellerslie-Panmure Highway","451 Ellerslie-Panmure Highway","Mount Wellington","Auckland City","$840,000","$685,000","1940-1949","83","0.0763","$85,000","30 May 1991"
" 453","Ellerslie-Panmure Highway","453 Ellerslie-Panmure Highway","Mount Wellington","Auckland City","$810,000","$685,000","1940-1949","100","0.0763","$87,000","5 Sep 1990"
" 455","Ellerslie-Panmure Highway","455 Ellerslie-Panmure Highway","Mount Wellington","Auckland City","$840,000","$685,000","1950-1959","90","0.0797","$562,200","23 Apr 2013"
" 5","Faber Avenue","5 Faber Avenue","Mount Wellington","Auckland City","$1,080,000","$900,000","1960-1969","130","0.0759","$457,000","3 Oct 2005"
" 14","Faber Avenue","14 Faber Avenue","Mount Wellington","Auckland City","$1,150,000","$950,000","1960-1969","130","0.089","$430,000","27 Oct 2010"
" 3","Ferndale Road","3 Ferndale Road","Mount Wellington","Auckland City","$945,000","$920,000","1940-1949","99","0.0809","$180,000","1 Jan 1900"
" 8","Ferndale Road","8 Ferndale Road","Mount Wellington","Auckland City","$990,000","$950,000","1950-1959","145","0.0754","$260,000","13 Dec 1996"
" 24","Ferndale Road","24 Ferndale Road","Mount Wellington","Auckland City","$980,000","$950,000","1960-1969","183","0.0951","$465,000","13 Mar 2012"
" 31","Ferndale Road","31 Ferndale Road","Mount Wellington","Auckland City","$960,000","$900,000","1950-1959","107","0.084","$578,000","5 Oct 2011"
" 37","Ferndale Road","37 Ferndale Road","Mount Wellington","Auckland City","$1,025,000","$1,000,000","1950-1959","122","0.0946","$461,000","16 Feb 2011"
" 39","Ferndale Road","39 Ferndale Road","Mount Wellington","Auckland City","$920,000","$870,000","1950-1959","98","0.0798","$83,000","6 Jun 1986"
" 51","Ferndale Road","51 Ferndale Road","Mount Wellington","Auckland City","$1,100,000","$1,000,000","1960-1969","114","0.0855","$190,000","1 Jan 1900"
" 59","Ferndale Road","59 Ferndale Road","Mount Wellington","Auckland City","$975,000","$950,000","1950-1959","113","0.0857","$582,000","10 Apr 2012"
" 86","Ferndale Road","86 Ferndale Road","Mount Wellington","Auckland City","$740,000","$640,000","1950-1959","65","0.0823","$305,000","3 Jun 2012"
" 11","Fitzgerald Road","11 Fitzgerald Road","Mount Wellington","Auckland City","$860,000","$660,000","1950-1959","119","0.0784","$205,000","1 Jan 1900"
" 13A","Fitzgerald Road","13A Fitzgerald Road","Mount Wellington","Auckland City","$670,000","$410,000","1950-1959","111","0.0815","$400,000","14 Apr 2012"
" 20","Fitzgerald Road","20 Fitzgerald Road","Mount Wellington","Auckland City","$870,000","$710,000","1950-1959","74","0.0769","$515,000","24 Oct 2013"
" 22","Fitzgerald Road","22 Fitzgerald Road","Mount Wellington","Auckland City","$900,000","$710,000","1950-1959","87","0.086","$140,000","19 May 1995"
" 5","Gunson Road","5 Gunson Road","Mount Wellington","Auckland City","$890,000","$690,000","1960-1969","90","0.0829","$420,000","15 Dec 2010"
" 10","Gunson Road","10 Gunson Road","Mount Wellington","Auckland City","$950,000","$790,000","1950-1959","120","0.0946","$1,042,000","15 Jun 2016"
" 14","Gunson Road","14 Gunson Road","Mount Wellington","Auckland City","$860,000","$710,000","1950-1959","80","0.0849","$220,000","1 Jan 1900"
" 15","Gunson Road","15 Gunson Road","Mount Wellington","Auckland City","$930,000","$790,000","1950-1959","139","0.0809","$245,000","1 Jan 1900"
" 1","Hamlin Road","1 Hamlin Road","Mount Wellington","Auckland City","$1,060,000","$980,000","1970-1979","160","0.0893","$49,000","19 Sep 1983"
" 7","Hamlin Road","7 Hamlin Road","Mount Wellington","Auckland City","$1,000,000","$980,000","1950-1959","134","0.0893","$120,000","30 Mar 1991"
" 9","Hamlin Road","9 Hamlin Road","Mount Wellington","Auckland City","$1,430,000","$950,000","1990-1999","318","0.0893","$45,500","28 Sep 1981"
" 14","Hamlin Road","14 Hamlin Road","Mount Wellington","Auckland City","$960,000","$920,000","1940-1949","150","0.0819","$279,500","2 Jun 2003"
" 42","Hamlin Road","42 Hamlin Road","Mount Wellington","Auckland City","$1,550,000","$950,000","1970-1979","249","0.0941","$1,575,000","4 Sep 2015"
" 60","Hamlin Road","60 Hamlin Road","Mount Wellington","Auckland City","$930,000","$900,000","1960-1969","124","0.0898","$446,500","7 Apr 2010"
" 34","Harwood Road","34 Harwood Road","Mount Wellington","Auckland City","$930,000","$870,000","1960-1969","112","0.0847","$245,000","29 Aug 2002"
" 2","Higgs Road","2 Higgs Road","Mount Wellington","Auckland City","$975,000","$950,000","1950-1959","90","0.0774","$215,000","1 Jan 1900"
" 11","Higgs Road","11 Higgs Road","Mount Wellington","Auckland City","$980,000","$900,000","1950-1959","128","0.0763","$142,000","22 Dec 1994"
" 21","Higgs Road","21 Higgs Road","Mount Wellington","Auckland City","$980,000","$870,000","1980-1989","145","0.0816","$650,000","22 Dec 2014"
" 24","Higgs Road","24 Higgs Road","Mount Wellington","Auckland City","$1,025,000","$1,000,000","1980-1989","87","0.0965","$457,000","1 May 2011"
" 27","Higgs Road","27 Higgs Road","Mount Wellington","Auckland City","$1,030,000","$950,000","1980-1989","139","0.075","$190,000","1 Jan 1900"
" 28","Higgs Road","28 Higgs Road","Mount Wellington","Auckland City","$1,025,000","$1,000,000","1980-1989","110","0.0969","$117,000","3 Mar 1989"
" 30","Higgs Road","30 Higgs Road","Mount Wellington","Auckland City","$1,000,000","$970,000","1980-1989","120","0.0801","$190,000","1 Jan 1900"
" 4","Hillside Road","4 Hillside Road","Mount Wellington","Auckland City","$810,000","$560,000","1990-1999","166","0.0812","$88,000","26 Oct 1990"
" 6","Hillside Road","6 Hillside Road","Mount Wellington","Auckland City","$850,000","$590,000","1950-1959","126","0.0809","$94,000","2 Apr 1993"
" 10","Hillside Road","10 Hillside Road","Mount Wellington","Auckland City","$1,575,000","$590,000","Mixed/Remod","367","0.0809","$216,000","20 Mar 1998"
" 12","Hillside Road","12 Hillside Road","Mount Wellington","Auckland City","$860,000","$590,000","1950-1959","153","0.0809","$450,000","31 Oct 2007"
" 14","Hillside Road","14 Hillside Road","Mount Wellington","Auckland City","$780,000","$590,000","1950-1959","103","0.0809","$175,000","1 Jan 1900"
" 16","Hillside Road","16 Hillside Road","Mount Wellington","Auckland City","$760,000","$590,000","1950-1959","96","0.0809","$42,000","15 Mar 1982"
" 18","Hillside Road","18 Hillside Road","Mount Wellington","Auckland City","$830,000","$590,000","1950-1959","113","0.0809","$175,000","1 Jan 1900"
" 20","Hillside Road","20 Hillside Road","Mount Wellington","Auckland City","$780,000","$620,000","1950-1959","89","0.0809","$750,000","9 Mar 2016"
" 22","Hillside Road","22 Hillside Road","Mount Wellington","Auckland City","$910,000","$590,000","1950-1959","80","0.0809","$575,000","27 May 2013"
" 24","Hillside Road","24 Hillside Road","Mount Wellington","Auckland City","$830,000","$620,000","1950-1959","128","0.0809","$670,000","17 Nov 2015"
" 26","Hillside Road","26 Hillside Road","Mount Wellington","Auckland City","$780,000","$620,000","1950-1959","83","0.0809","$86,000","5 Jul 1988"
" 31","Hillside Road","31 Hillside Road","Mount Wellington","Auckland City","$740,000","$540,000","1920-1929","75","0.0981","$290,000","27 Feb 2013"
" 32","Hillside Road","32 Hillside Road","Mount Wellington","Auckland City","$910,000","$620,000","1970-1979","127","0.0955","$342,000","28 Feb 2005"
" 34","Hillside Road","34 Hillside Road","Mount Wellington","Auckland City","$940,000","$620,000","1970-1979","191","0.0982","$120,000","13 Aug 1994"
" 35","Hillside Road","35 Hillside Road","Mount Wellington","Auckland City","$910,000","$540,000","1960-1969","217","0.0779","$240,000","1 Jan 1900"
" 36","Hillside Road","36 Hillside Road","Mount Wellington","Auckland City","$830,000","$630,000","1980-1989","93","0.0836","$175,000","1 Jan 1900"
" 38","Hillside Road","38 Hillside Road","Mount Wellington","Auckland City","$980,000","$600,000","1970-1979","204","0.081","$935,000","28 Sep 2017"
" 41","Hillside Road","41 Hillside Road","Mount Wellington","Auckland City","$940,000","$600,000","1920-1929","200","0.0958","$148,000","5 Jan 1990"
" 42","Hillside Road","42 Hillside Road","Mount Wellington","Auckland City","$1,050,000","$540,000","1980-1989","201","0.0834","$1,080,000","22 Mar 2017"
" 46","Hillside Road","46 Hillside Road","Mount Wellington","Auckland City","$760,000","$530,000","1970-1979","92","0.0753","$50,000","31 Oct 1983"
" 50","Hillside Road","50 Hillside Road","Mount Wellington","Auckland City","$800,000","$570,000","1950-1959","159","0.0809","$108,500","27 Sep 1989"
" 52","Hillside Road","52 Hillside Road","Mount Wellington","Auckland City","$930,000","$570,000","1950-1959","217","0.0809","$185,000","14 Jan 1998"
" 53","Hillside Road","53 Hillside Road","Mount Wellington","Auckland City","$880,000","$540,000","1950-1959","268","0.0893","$160,000","1 Jan 1900"
" 54","Hillside Road","54 Hillside Road","Mount Wellington","Auckland City","$740,000","$570,000","1950-1959","106","0.0809","$370,000","3 Aug 2011"
" 55","Hillside Road","55 Hillside Road","Mount Wellington","Auckland City","$720,000","$470,000","1910-1919","135","0.0864","$680,000","21 Nov 2014"
" 56","Hillside Road","56 Hillside Road","Mount Wellington","Auckland City","$980,000","$560,000","1950-1959","264","0.093","$330,000","1 Jan 1900"
" 57","Hillside Road","57 Hillside Road","Mount Wellington","Auckland City","$700,000","$470,000","1940-1949","144","0.0891","$185,000","1 Jan 1900"
" 61","Hillside Road","61 Hillside Road","Mount Wellington","Auckland City","$830,000","$470,000","1950-1959","186","0.0825","$235,000","1 Jan 1900"
" 65","Hillside Road","65 Hillside Road","Mount Wellington","Auckland City","$620,000","$470,000","1960-1969","91","0.0844","$58,500","15 Jul 1982"
" 70","Hillside Road","70 Hillside Road","Mount Wellington","Auckland City","$800,000","$560,000","1980-1989","94","0.089","$177,732","20 May 2013"
" 112","Hillside Road","112 Hillside Road","Mount Wellington","Auckland City","$1,030,000","$510,000","1990-1999","320","0.0921","$117,000","30 Jun 1991"
" 3A","Hotunui Drive","3A Hotunui Drive","Mount Wellington","Auckland City","$1,200,000","$590,000","1980-1989","605","0.0812","$425,000","1 Jan 1900"
" 3B","Hotunui Drive","3B Hotunui Drive","Mount Wellington","Auckland City","$1,260,000","$590,000","1980-1989","558","0.0807","$350,000","1 Jan 1900"
" 5","Jarman Road","5 Jarman Road","Mount Wellington","Auckland City","$995,000","$970,000","1960-1969","114","0.0822","$185,000","1 Jan 1900"
" 6","Jarman Road","6 Jarman Road","Mount Wellington","Auckland City","$1,280,000","$920,000","1950-1959","236","0.0825","$1,000,000","30 Oct 2017"
" 14A","Jarman Road","14A Jarman Road","Mount Wellington","Auckland City","$840,000","$660,000","1950-1959","75","0.075","$438,000","10 Oct 2007"
" 15","Jarman Road","15 Jarman Road","Mount Wellington","Auckland City","$770,000","$610,000","1950-1959","90","0.0817","$275,000","15 Dec 2006"
" 16","Jarman Road","16 Jarman Road","Mount Wellington","Auckland City","$970,000","$660,000","1950-1959","190","0.0817","$110,000","30 May 1989"
" 8","Johnston Road","8 Johnston Road","Mount Wellington","Auckland City","$975,000","$950,000","1950-1959","129","0.086","$475,000","10 Oct 2011"
" 9","Johnston Road","9 Johnston Road","Mount Wellington","Auckland City","$1,055,000","$1,030,000","1950-1959","170","0.0954","$501,000","29 May 2006"
" 11","Johnston Road","11 Johnston Road","Mount Wellington","Auckland City","$1,055,000","$1,030,000","1970-1979","262","0.0996","$119,000","29 Apr 1985"
" 4","Jolson Road","4 Jolson Road","Mount Wellington","Auckland City","$700,000","$500,000","1950-1959","95","0.0878","$150,000","1 Jan 1900"
" 40","Jolson Road","40 Jolson Road","Mount Wellington","Auckland City","$700,000","$490,000","1960-1969","106","0.0774","$170,000","1 Jan 1900"
" 42","Jolson Road","42 Jolson Road","Mount Wellington","Auckland City","$650,000","$530,000","1960-1969","99","0.0829","$710,000","15 Oct 2017"
" 2","Kealy Road","2 Kealy Road","Mount Wellington","Auckland City","$650,000","$490,000","1960-1969","92","0.0769","$155,000","1 Jan 1900"
" 6","Kealy Road","6 Kealy Road","Mount Wellington","Auckland City","$740,000","$530,000","1960-1969","95","0.0766","$155,000","1 Jan 1900"
" 11","Kealy Road","11 Kealy Road","Mount Wellington","Auckland City","$670,000","$470,000","1960-1969","106","0.0756","$80,000","30 Sep 1987"
" 12","Kealy Road","12 Kealy Road","Mount Wellington","Auckland City","$770,000","$530,000","1970-1979","82","0.0759","$336,200","2 Dec 2011"
" 15","Kealy Road","15 Kealy Road","Mount Wellington","Auckland City","$720,000","$490,000","1960-1969","104","0.0761","$427,500","30 Nov 2007"
" 1","Keate Place","1 Keate Place","Mount Wellington","Auckland City","$930,000","$770,000","1960-1969","113","0.0832","$680,000","19 Dec 2013"
" 2","Kotahi Road","2 Kotahi Road","Mount Wellington","Auckland City","$760,000","$530,000","1950-1959","121","0.0766","$261,000","12 Jan 2004"
" 3","Kotahi Road","3 Kotahi Road","Mount Wellington","Auckland City","$780,000","$530,000","1950-1959","100","0.0766","$804,500","7 Dec 2017"
" 4","Kotahi Road","4 Kotahi Road","Mount Wellington","Auckland City","$850,000","$530,000","1950-1959","144","0.0766","$530,000","20 Feb 2014"
" 5","Kotahi Road","5 Kotahi Road","Mount Wellington","Auckland City","$900,000","$530,000","1950-1959","183","0.0766","$330,000","18 Feb 2005"
" 6","Kotahi Road","6 Kotahi Road","Mount Wellington","Auckland City","$780,000","$540,000","1950-1959","112","0.0766","$248,000","8 May 2004"
" 7","Kotahi Road","7 Kotahi Road","Mount Wellington","Auckland City","$740,000","$540,000","1950-1959","95","0.0766","$100,000","12 Jan 1989"
" 8","Kotahi Road","8 Kotahi Road","Mount Wellington","Auckland City","$780,000","$540,000","1950-1959","92","0.0766","$323,000","26 Jul 2010"
" 9","Kotahi Road","9 Kotahi Road","Mount Wellington","Auckland City","$780,000","$540,000","1950-1959","96","0.0766","$700,000","20 Mar 2016"
" 10","Kotahi Road","10 Kotahi Road","Mount Wellington","Auckland City","$850,000","$480,000","1950-1959","90","0.0817","$860,000","22 Sep 2017"
" 11","Kotahi Road","11 Kotahi Road","Mount Wellington","Auckland City","$720,000","$480,000","1950-1959","88","0.0792","$425,000","23 Oct 2012"
" 13","Kotahi Road","13 Kotahi Road","Mount Wellington","Auckland City","$630,000","$450,000","1950-1959","90","0.0812","$560,000","18 Mar 2015"
" 4","Lavas Place","4 Lavas Place","Mount Wellington","Auckland City","$240,000","$240,000","Unknown","0","0.0908","$80,000","1 Jan 1900"
" 4","Lavas Place","4 Lavas Place","Mount Wellington","Auckland City","$235,000","$235,000","Unknown","0","0.089","$80,000","1 Jan 1900"
" 12","Lavas Place","12 Lavas Place","Mount Wellington","Auckland City","$1,030,000","$1,000,000","1970-1979","186","0.0873","$65,000","26 May 1983"
" 14","Lavas Place","14 Lavas Place","Mount Wellington","Auckland City","$1,130,000","$900,000","1970-1979","126","0.0792","$40,000","3 Aug 1995"
" 16","Lavas Place","16 Lavas Place","Mount Wellington","Auckland City","$975,000","$950,000","1970-1979","133","0.0827","$950,000","1 Aug 2017"
" 20","Lavas Place","20 Lavas Place","Mount Wellington","Auckland City","$930,000","$870,000","1970-1979","125","0.0835","$356,000","2 Jun 2005"
" 5","Leon Leicester Avenue","5 Leon Leicester Avenue","Mount Wellington","Auckland City","$1,450,000","$550,000","1960-1969","711","0.0812","$298,125","7 May 1996"
" 8","Leonard Road","8 Leonard Road","Mount Wellington","Auckland City","$890,000","$840,000","1960-1969","123","0.08","$875,000","8 Dec 2017"
" 11","Leonard Road","11 Leonard Road","Mount Wellington","Auckland City","$830,000","$780,000","1920-1929","78","0.0867","$845,000","25 May 2016"
" 45","Leonard Road","45 Leonard Road","Mount Wellington","Auckland City","$960,000","$490,000","1950-1959","408","0.0807","$475,000","4 Dec 2012"
" 47","Leonard Road","47 Leonard Road","Mount Wellington","Auckland City","$1,600,000","$490,000","1980-1989","775","0.0809","$1,170,000","15 Feb 2007"
" 49","Leonard Road","49 Leonard Road","Mount Wellington","Auckland City","$1,750,000","$490,000","1960-1969","734","0.0809","$700,000","10 Feb 2006"
" 57","Leonard Road","57 Leonard Road","Mount Wellington","Auckland City","$1,575,000","$490,000","1980-1989","575","0.0809","$850,000","22 Oct 2013"
" 59","Leonard Road","59 Leonard Road","Mount Wellington","Auckland City","$1,575,000","$490,000","1980-1989","575","0.0809","$1,440,000","13 Mar 2017"
" 65","Leonard Road","65 Leonard Road","Mount Wellington","Auckland City","$1,300,000","$490,000","1970-1979","586","0.0809","$680,000","13 May 2011"
" 67","Leonard Road","67 Leonard Road","Mount Wellington","Auckland City","$1,200,000","$490,000","1960-1969","453","0.0809","$560,000","24 Jul 2009"
" 69","Leonard Road","69 Leonard Road","Mount Wellington","Auckland City","$1,200,000","$490,000","1970-1979","536","0.0809","$802,000","6 Apr 2012"
" 71","Leonard Road","71 Leonard Road","Mount Wellington","Auckland City","$1,380,000","$490,000","1970-1979","571","0.0809","$745,000","15 Jul 2011"
" 77","Leonard Road","77 Leonard Road","Mount Wellington","Auckland City","$980,000","$550,000","1960-1969","431","0.0842","$225,000","1 Jan 1900"
" 80","Leonard Road","80 Leonard Road","Mount Wellington","Auckland City","$1,260,000","$560,000","1970-1979","552","0.0945","$126,500","30 Jun 1999"
" 28","Malone Road","28 Malone Road","Mount Wellington","Auckland City","$950,000","$820,000","1960-1969","173","0.0776","$245,000","1 Jan 1900"
" 36","Malone Road","36 Malone Road","Mount Wellington","Auckland City","$1,430,000","$920,000","1960-1969","190","0.0983","$395,000","24 Mar 2003"
" 3","Mataroa Road","3 Mataroa Road","Mount Wellington","Auckland City","$740,000","$490,000","1960-1969","105","0.0787","$198,000","18 Mar 1999"
" 7","Mataroa Road","7 Mataroa Road","Mount Wellington","Auckland City","$1,630,000","$510,000","1970-1979","165","0.0885","$733,000","12 Oct 2013"
" 8","Mataroa Road","8 Mataroa Road","Mount Wellington","Auckland City","$740,000","$510,000","1960-1969","104","0.0911","$145,000","10 Sep 2001"
" 10","Mataroa Road","10 Mataroa Road","Mount Wellington","Auckland City","$830,000","$590,000","1960-1969","164","0.0911","$186,500","18 Mar 1997"
" 13","Mataroa Road","13 Mataroa Road","Mount Wellington","Auckland City","$740,000","$500,000","1960-1969","103","0.0792","$365,000","29 Nov 2006"
" 16","Mataroa Road","16 Mataroa Road","Mount Wellington","Auckland City","$880,000","$560,000","1960-1969","129","0.0911","$821,500","23 Jun 2015"
" 21","Mataroa Road","21 Mataroa Road","Mount Wellington","Auckland City","$910,000","$540,000","1970-1979","198","0.0979","$130,000","22 Oct 1992"
" 23","Mataroa Road","23 Mataroa Road","Mount Wellington","Auckland City","$720,000","$530,000","1970-1979","98","0.0885","$175,000","1 Jan 1900"
" 28","Mataroa Road","28 Mataroa Road","Mount Wellington","Auckland City","$620,000","$420,000","1970-1979","100","0.0961","$512,000","17 Jan 2015"
" 32","Mataroa Road","32 Mataroa Road","Mount Wellington","Auckland City","$620,000","$370,000","1980-1989","88","0.0933","$270,000","29 Jun 2011"
" 39","Mataroa Road","39 Mataroa Road","Mount Wellington","Auckland City","$720,000","$450,000","1970-1979","116","0.0842","$495,500","13 Nov 2014"
" 41","Mataroa Road","41 Mataroa Road","Mount Wellington","Auckland City","$650,000","$430,000","1970-1979","115","0.0763","$44,750","15 Feb 1982"
" 55","Mataroa Road","55 Mataroa Road","Mount Wellington","Auckland City","$650,000","$420,000","1970-1979","90","0.0837","$62,000","8 Mar 1985"
" 57","Mataroa Road","57 Mataroa Road","Mount Wellington","Auckland City","$700,000","$450,000","1970-1979","96","0.0921","$295,000","25 Mar 2011"
" 16","Mccracken Road","16 Mccracken Road","Mount Wellington","Auckland City","$960,000","$840,000","1950-1959","140","0.0756","$650,000","25 Mar 2014"
" 17","Mccracken Road","17 Mccracken Road","Mount Wellington","Auckland City","$950,000","$900,000","1950-1959","95","0.0756","$75,000","6 Nov 1985"
" 21","Mccracken Road","21 Mccracken Road","Mount Wellington","Auckland City","$950,000","$900,000","1950-1959","93","0.0756","$818,000","21 Mar 2015"
" 23","Mccracken Road","23 Mccracken Road","Mount Wellington","Auckland City","$950,000","$900,000","1950-1959","116","0.0756","$460,000","14 Dec 2012"
" 3","Mcrae Road","3 Mcrae Road","Mount Wellington","Auckland City","$1,030,000","$1,000,000","1950-1959","146","0.089","$581,000","19 Oct 2011"
" 4","Mcrae Road","4 Mcrae Road","Mount Wellington","Auckland City","$990,000","$900,000","1950-1959","170","0.0862","$245,000","1 Jan 1900"
" 5","Mcrae Road","5 Mcrae Road","Mount Wellington","Auckland City","$975,000","$950,000","1950-1959","134","0.0797","$206,750","24 Jul 2002"
" 11","Mcrae Road","11 Mcrae Road","Mount Wellington","Auckland City","$995,000","$970,000","1950-1959","131","0.0825","$255,000","1 Jan 1900"
" 31","Mcrae Road","31 Mcrae Road","Mount Wellington","Auckland City","$995,000","$970,000","1960-1969","170","0.0794","$285,000","1 Jan 1900"
" 43","Mcrae Road","43 Mcrae Road","Mount Wellington","Auckland City","$1,380,000","$970,000","1970-1979","181","0.0822","$660,000","22 Aug 2009"
" 8","Meadow Street","8 Meadow Street","Mount Wellington","Auckland City","$740,000","$600,000","1920-1929","98","0.0951","$89,000","15 Sep 1990"
" 10","Meadow Street","10 Meadow Street","Mount Wellington","Auckland City","$850,000","$600,000","1920-1929","107","0.095","$382,000","10 Aug 2008"
" 11A","Meadow Street","11A Meadow Street","Mount Wellington","Auckland City","$930,000","$590,000","1950-1959","147","0.0809","$223,000","30 Sep 1998"
" 15","Meadow Street","15 Meadow Street","Mount Wellington","Auckland City","$900,000","$620,000","1950-1959","100","0.0809","$362,600","2 Apr 2007"
" 19","Meadow Street","19 Meadow Street","Mount Wellington","Auckland City","$830,000","$590,000","1950-1959","105","0.0809","$320,000","29 Apr 2005"
" 21","Meadow Street","21 Meadow Street","Mount Wellington","Auckland City","$780,000","$590,000","1950-1959","83","0.0809","$290,000","10 Jun 2006"
" 23","Meadow Street","23 Meadow Street","Mount Wellington","Auckland City","$900,000","$590,000","1950-1959","113","0.0809","$420,000","14 Dec 2012"
" 25","Meadow Street","25 Meadow Street","Mount Wellington","Auckland City","$780,000","$560,000","1950-1959","95","0.0809","$421,000","7 Feb 2012"
" 27","Meadow Street","27 Meadow Street","Mount Wellington","Auckland City","$830,000","$600,000","1950-1959","104","0.0908","$175,000","1 Jan 1900"
" 7","Melton Road","7 Melton Road","Mount Wellington","Auckland City","$950,000","$790,000","1960-1969","152","0.0943","$850,000","30 Jun 2017"
" 8","Melton Road","8 Melton Road","Mount Wellington","Auckland City","$930,000","$710,000","1960-1969","141","0.0867","$710,000","29 Apr 2014"
" 9","Melton Road","9 Melton Road","Mount Wellington","Auckland City","$910,000","$690,000","1960-1969","143","0.0789","$438,750","24 Feb 2010"
" 10","Melton Road","10 Melton Road","Mount Wellington","Auckland City","$930,000","$710,000","1960-1969","119","0.0903","$345,600","3 Mar 2004"
" 11","Melton Road","11 Melton Road","Mount Wellington","Auckland City","$880,000","$690,000","1960-1969","92","0.0903","$576,000","10 Apr 2013"
" 16","Melton Road","16 Melton Road","Mount Wellington","Auckland City","$930,000","$770,000","1960-1969","128","0.0835","$467,800","13 Apr 2011"
" 17","Melton Road","17 Melton Road","Mount Wellington","Auckland City","$930,000","$690,000","1960-1969","150","0.0842","$608,000","11 Nov 2012"
" 18","Melton Road","18 Melton Road","Mount Wellington","Auckland City","$850,000","$660,000","1960-1969","89","0.0756","$415,500","10 Dec 2006"
" 19","Melton Road","19 Melton Road","Mount Wellington","Auckland City","$890,000","$690,000","1960-1969","113","0.0832","$430,000","29 May 2008"
" 20","Melton Road","20 Melton Road","Mount Wellington","Auckland City","$890,000","$690,000","1960-1969","99","0.0819","$126,500","18 Oct 1988"
" 21","Melton Road","21 Melton Road","Mount Wellington","Auckland City","$920,000","$690,000","1960-1969","152","0.086","$600,000","2 Oct 2013"
" 22","Melton Road","22 Melton Road","Mount Wellington","Auckland City","$920,000","$770,000","1960-1969","144","0.0819","$205,000","13 Jul 1995"
" 23","Melton Road","23 Melton Road","Mount Wellington","Auckland City","$740,000","$740,000","Unknown","0","0.0782","$200,000","1 Jan 1900"
" 5B","Monier Place","5B Monier Place","Mount Wellington","Auckland City","$1,575,000","$560,000","1970-1979","749","0.0944","$351,000","23 Dec 1998"
" 3","Motu Place","3 Motu Place","Mount Wellington","Auckland City","$930,000","$900,000","1910-1919","113","0.0981","$83,000","24 Sep 1989"
" 16","Motu Place","16 Motu Place","Mount Wellington","Auckland City","$1,080,000","$920,000","1980-1989","195","0.0803","$249,000","2 Feb 2002"
" 17","Motu Place","17 Motu Place","Mount Wellington","Auckland City","$950,000","$920,000","1970-1979","87","0.0823","$153,000","23 Aug 1995"
" 22","Motu Place","22 Motu Place","Mount Wellington","Auckland City","$1,000,000","$920,000","1980-1989","142","0.08","$480,000","6 Nov 2006"
" 99","Mount Wellington Highway","99 Mount Wellington Highway","Mount Wellington","Auckland City","$920,000","$790,000","1970-1979","114","0.0878","$85,000","8 Nov 1986"
" 101","Mount Wellington Highway","101 Mount Wellington Highway","Mount Wellington","Auckland City","$930,000","$790,000","1970-1979","138","0.087","$835,000","22 Jul 2015"
" 121","Mount Wellington Highway","121 Mount Wellington Highway","Mount Wellington","Auckland City","$930,000","$820,000","1950-1959","113","0.0952","$195,000","1 Aug 1995"
" 125","Mount Wellington Highway","125 Mount Wellington Highway","Mount Wellington","Auckland City","$2,980,000","$770,000","1970-1979","566","0.0812","$600,000","1 Jan 1900"
" 139","Mount Wellington Highway","139 Mount Wellington Highway","Mount Wellington","Auckland City","$870,000","$770,000","1960-1969","121","0.0814","$65,000","6 Jan 1987"
" 161","Mount Wellington Highway","161 Mount Wellington Highway","Mount Wellington","Auckland City","$900,000","$770,000","1950-1959","100","0.084","$180,000","1 Jan 1900"
" 163","Mount Wellington Highway","163 Mount Wellington Highway","Mount Wellington","Auckland City","$920,000","$770,000","1950-1959","122","0.0814","$195,000","1 Jan 1900"
" 175","Mount Wellington Highway","175 Mount Wellington Highway","Mount Wellington","Auckland City","$840,000","$660,000","1950-1959","102","0.0807","$210,000","18 Jan 2002"
" 183","Mount Wellington Highway","183 Mount Wellington Highway","Mount Wellington","Auckland City","$900,000","$770,000","1950-1959","97","0.0809","$225,000","19 Mar 1999"
" 275","Mount Wellington Highway","275 Mount Wellington Highway","Mount Wellington","Auckland City","$1,040,000","$1,020,000","1940-1949","99","0.0986","$1","8 Sep 2000"
" 279","Mount Wellington Highway","279 Mount Wellington Highway","Mount Wellington","Auckland City","$2,380,000","$1,020,000","2010-2019","417","0.0999","$700,000","19 Dec 2012"
" 4","New Brighton Road","4 New Brighton Road","Mount Wellington","Auckland City","$910,000","$620,000","1920-1929","142","0.0832","$465,000","25 Mar 2012"
" 6","New Brighton Road","6 New Brighton Road","Mount Wellington","Auckland City","$800,000","$620,000","1920-1929","90","0.0858","$300,000","14 Sep 2011"
" 8","New Brighton Road","8 New Brighton Road","Mount Wellington","Auckland City","$960,000","$650,000","1920-1929","124","0.0885","$457,000","23 Jun 2011"
" 11","New Brighton Road","11 New Brighton Road","Mount Wellington","Auckland City","$760,000","$590,000","1920-1929","80","0.0815","$322,500","7 Nov 2010"
" 12","New Brighton Road","12 New Brighton Road","Mount Wellington","Auckland City","$830,000","$620,000","1950-1959","106","0.0936","$380,000","17 Apr 2009"
" 14","New Brighton Road","14 New Brighton Road","Mount Wellington","Auckland City","$910,000","$630,000","1980-1989","156","0.0963","$580,000","7 Jul 2014"
" 1A","Pacific Rise","1A Pacific Rise","Mount Wellington","Auckland City","$3,475,000","$1,020,000","1990-1999","1060","0.0839","$6,780,357","7 Dec 2015"
" 143","Panama Road","143 Panama Road","Mount Wellington","Auckland City","$750,000","$490,000","1950-1959","97","0.0759","$150,000","1 Jan 1900"
" 149","Panama Road","149 Panama Road","Mount Wellington","Auckland City","$740,000","$530,000","1950-1959","116","0.0819","$155,000","1 Jan 1900"
" 186","Panama Road","186 Panama Road","Mount Wellington","Auckland City","$860,000","$620,000","1970-1979","128","0.0751","$107,000","24 Oct 1990"
" 192","Panama Road","192 Panama Road","Mount Wellington","Auckland City","$1,130,000","$660,000","Mixed/Remod","280","0.0751","$360,000","5 Dec 2007"
" 194","Panama Road","194 Panama Road","Mount Wellington","Auckland City","$810,000","$660,000","1950-1959","116","0.0751","$155,000","1 Jan 1900"
" 200","Panama Road","200 Panama Road","Mount Wellington","Auckland City","$830,000","$660,000","1950-1959","109","0.0751","$730,000","12 Apr 2017"
" 208","Panama Road","208 Panama Road","Mount Wellington","Auckland City","$810,000","$490,000","1950-1959","133","0.0789","$778,000","2 Sep 2015"
" 220","Panama Road","220 Panama Road","Mount Wellington","Auckland City","$730,000","$480,000","1960-1969","98","0.0936","$503,000","10 Jul 2014"
" 258","Panama Road","258 Panama Road","Mount Wellington","Auckland City","$700,000","$530,000","1950-1959","98","0.0763","$150,000","1 Jan 1900"
" 260","Panama Road","260 Panama Road","Mount Wellington","Auckland City","$740,000","$560,000","1950-1959","95","0.0794","$150,000","1 Jan 1900"
" 262","Panama Road","262 Panama Road","Mount Wellington","Auckland City","$780,000","$570,000","1950-1959","99","0.0822","$160,000","10 Apr 2002"
" 264","Panama Road","264 Panama Road","Mount Wellington","Auckland City","$780,000","$560,000","1960-1969","100","0.085","$155,000","1 Jan 1900"
" 276","Panama Road","276 Panama Road","Mount Wellington","Auckland City","$780,000","$560,000","1960-1969","156","0.0759","$385,000","20 Jun 2009"
" 292","Panama Road","292 Panama Road","Mount Wellington","Auckland City","$1,050,000","$660,000","1960-1969","281","0.0798","$500,000","17 Sep 2012"
" 352","Panama Road","352 Panama Road","Mount Wellington","Auckland City","$780,000","$510,000","1960-1969","127","0.0892","$67,000","7 Aug 1985"
" 354","Panama Road","354 Panama Road","Mount Wellington","Auckland City","$820,000","$540,000","1960-1969","134","0.0916","$190,000","1 Jan 1900"
" 360","Panama Road","360 Panama Road","Mount Wellington","Auckland City","$700,000","$530,000","1960-1969","102","0.0759","$180,000","1 Jan 1900"
" 364","Panama Road","364 Panama Road","Mount Wellington","Auckland City","$700,000","$540,000","1960-1969","97","0.0979","$61,000","21 Dec 1992"
" 366","Panama Road","366 Panama Road","Mount Wellington","Auckland City","$700,000","$530,000","1960-1969","107","0.0782","$155,000","1 Jan 1900"
" 414","Panama Road","414 Panama Road","Mount Wellington","Auckland City","$750,000","$530,000","1960-1969","114","0.0761","$170,000","1 Jan 1900"
" 446A","Panama Road","446A Panama Road","Mount Wellington","Auckland City","$330,000","$330,000","Unknown","0","0.0989","$20,000","11 May 1993"
" 456","Panama Road","456 Panama Road","Mount Wellington","Auckland City","$530,000","$310,000","1940-1949","86","0.0946","$51,500","2 Jul 1986"
" 81","Panorama Road","81 Panorama Road","Mount Wellington","Auckland City","$930,000","$900,000","1930-1939","89","0.087","$195,000","1 Jan 1900"
" 1","Parry Road","1 Parry Road","Mount Wellington","Auckland City","$1,500,000","$650,000","1960-1969","274","0.0969","$400,000","1 Jan 1900"
" 4","Parry Road","4 Parry Road","Mount Wellington","Auckland City","$1,000,000","$650,000","1960-1969","315","0.086","$33,653","29 Nov 1995"
" 18","Parry Road","18 Parry Road","Mount Wellington","Auckland City","$940,000","$620,000","1950-1959","189","0.0789","$781,000","16 Apr 2015"
" 24","Parry Road","24 Parry Road","Mount Wellington","Auckland City","$910,000","$690,000","1950-1959","88","0.087","$868,000","17 Sep 2016"
" 26","Parry Road","26 Parry Road","Mount Wellington","Auckland City","$850,000","$690,000","1950-1959","80","0.085","$175,000","1 Jan 1900"
" 32","Parry Road","32 Parry Road","Mount Wellington","Auckland City","$980,000","$660,000","1950-1959","201","0.0776","$920,000","16 Mar 2017"
" 4","Peace Avenue","4 Peace Avenue","Mount Wellington","Auckland City","$670,000","$470,000","1960-1969","100","0.0751","$329,000","10 Feb 2011"
" 10","Peace Avenue","10 Peace Avenue","Mount Wellington","Auckland City","$670,000","$490,000","1960-1969","93","0.0829","$420,000","16 Feb 2014"
" 63","Penrose Road","63 Penrose Road","Mount Wellington","Auckland City","$670,000","$480,000","1960-1969","105","0.0769","$737,000","12 May 2016"
" 65","Penrose Road","65 Penrose Road","Mount Wellington","Auckland City","$740,000","$550,000","1960-1969","115","0.0817","$210,000","1 Jan 1900"
" 149","Penrose Road","149 Penrose Road","Mount Wellington","Auckland City","$920,000","$660,000","1970-1979","180","0.0964","$240,000","2 Aug 1999"
" 165","Penrose Road","165 Penrose Road","Mount Wellington","Auckland City","$930,000","$820,000","1940-1949","157","0.0814","$225,000","23 Dec 2002"
" 178","Penrose Road","178 Penrose Road","Mount Wellington","Auckland City","$1,000,000","$790,000","1950-1959","206","0.0938","$240,000","1 Jan 1900"
" 220","Penrose Road","220 Penrose Road","Mount Wellington","Auckland City","$720,000","$700,000","Unknown","0","0.0798","$113,000","1 Jan 1900"
" 222","Penrose Road","222 Penrose Road","Mount Wellington","Auckland City","$990,000","$790,000","1910-1919","177","0.0895","$605,000","24 Jul 2009"
" 225","Penrose Road","225 Penrose Road","Mount Wellington","Auckland City","$860,000","$790,000","1940-1949","113","0.0933","$932,000","3 Mar 2016"
" 230","Penrose Road","230 Penrose Road","Mount Wellington","Auckland City","$1,280,000","$770,000","2000-2009","253","0.0809","$180,000","20 Jul 2001"
" 232","Penrose Road","232 Penrose Road","Mount Wellington","Auckland City","$930,000","$770,000","1940-1949","152","0.0809","$480,000","28 May 2007"
" 233","Penrose Road","233 Penrose Road","Mount Wellington","Auckland City","$920,000","$820,000","1950-1959","131","0.0823","$105,000","15 Jun 1989"
" 241","Penrose Road","241 Penrose Road","Mount Wellington","Auckland City","$1,280,000","$790,000","1930-1939","280","0.0833","$1,025,000","5 Mar 2017"
" 245","Penrose Road","245 Penrose Road","Mount Wellington","Auckland City","$960,000","$710,000","1970-1979","250","0.0809","$272,000","27 Aug 2001"
" 263","Penrose Road","263 Penrose Road","Mount Wellington","Auckland City","$890,000","$770,000","1950-1959","102","0.0809","$385,000","23 Jul 2006"
" 265","Penrose Road","265 Penrose Road","Mount Wellington","Auckland City","$890,000","$790,000","1950-1959","105","0.0809","$381,000","8 May 2009"
" 267","Penrose Road","267 Penrose Road","Mount Wellington","Auckland City","$890,000","$770,000","1950-1959","110","0.0809","$962,000","20 Nov 2015"
" 277","Penrose Road","277 Penrose Road","Mount Wellington","Auckland City","$920,000","$740,000","1950-1959","155","0.0847","$250,000","1 Jan 1900"
" 279","Penrose Road","279 Penrose Road","Mount Wellington","Auckland City","$1,050,000","$770,000","1950-1959","294","0.0842","$57,000","9 Oct 1992"
" 281","Penrose Road","281 Penrose Road","Mount Wellington","Auckland City","$890,000","$790,000","1950-1959","102","0.0842","$205,000","1 Jan 1900"
" 6","Portman Road","6 Portman Road","Mount Wellington","Auckland City","$820,000","$610,000","1960-1969","130","0.0926","$195,500","20 Mar 1999"
" 8","Portman Road","8 Portman Road","Mount Wellington","Auckland City","$760,000","$610,000","1960-1969","83","0.0933","$170,000","1 Jan 1900"
" 10","Portman Road","10 Portman Road","Mount Wellington","Auckland City","$760,000","$540,000","1960-1969","123","0.0905","$125,000","11 Feb 1988"
" 12","Portman Road","12 Portman Road","Mount Wellington","Auckland City","$830,000","$540,000","1960-1969","130","0.0868","$190,000","4 Oct 1997"
" 14","Portman Road","14 Portman Road","Mount Wellington","Auckland City","$670,000","$460,000","1960-1969","103","0.0807","$175,000","14 Apr 1996"
" 30","Portman Road","30 Portman Road","Mount Wellington","Auckland City","$950,000","$710,000","1960-1969","125","0.0917","$337,500","24 Apr 2005"
" 31","Portman Road","31 Portman Road","Mount Wellington","Auckland City","$950,000","$770,000","1960-1969","145","0.0789","$413,000","12 Feb 2007"
" 32","Portman Road","32 Portman Road","Mount Wellington","Auckland City","$950,000","$690,000","1960-1969","176","0.0779","$94,500","22 Sep 1993"
" 35","Portman Road","35 Portman Road","Mount Wellington","Auckland City","$920,000","$790,000","1960-1969","116","0.0809","$185,000","4 Aug 2000"
" 37","Portman Road","37 Portman Road","Mount Wellington","Auckland City","$1,200,000","$790,000","Mixed/Remod","291","0.084","$380,200","24 Aug 2005"
" 41","Portman Road","41 Portman Road","Mount Wellington","Auckland City","$880,000","$710,000","1960-1969","103","0.0857","$374,000","20 Mar 2012"
" 43","Portman Road","43 Portman Road","Mount Wellington","Auckland City","$980,000","$710,000","1970-1979","189","0.0812","$70,000","21 Jul 1986"
" 49","Portman Road","49 Portman Road","Mount Wellington","Auckland City","$925,000","$900,000","1960-1969","104","0.0943","$175,000","1 Jan 1900"
" 52A","Portman Road","52A Portman Road","Mount Wellington","Auckland City","$850,000","$560,000","1960-1969","116","0.0828","",""
" 56","Portman Road","56 Portman Road","Mount Wellington","Auckland City","$920,000","$790,000","1960-1969","150","0.085","$225,000","1 Jan 1900"
" 58","Portman Road","58 Portman Road","Mount Wellington","Auckland City","$910,000","$790,000","1960-1969","131","0.0862","$426,000","9 Nov 2009"
" 4","Price Crescent","4 Price Crescent","Mount Wellington","Auckland City","$950,000","$560,000","1950-1959","177","0.0864","$503,000","22 Aug 2012"
" 13","Price Crescent","13 Price Crescent","Mount Wellington","Auckland City","$1,930,000","$970,000","1950-1959","422","0.0983","$1,375,000","12 Aug 2015"
" 16","Price Crescent","16 Price Crescent","Mount Wellington","Auckland City","$930,000","$870,000","1950-1959","122","0.0809","$426,000","22 Jun 2011"
" 18","Price Crescent","18 Price Crescent","Mount Wellington","Auckland City","$1,030,000","$1,000,000","1950-1959","131","0.0855","$190,000","26 May 1999"
" 33","Price Crescent","33 Price Crescent","Mount Wellington","Auckland City","$950,000","$920,000","1950-1959","105","0.0861","$565,000","6 Jan 2014"
" 33C","Price Crescent","33C Price Crescent","Mount Wellington","Auckland City","$960,000","$840,000","1990-1999","136","0.075","$575,000","14 Feb 2013"
" 55","Price Crescent","55 Price Crescent","Mount Wellington","Auckland City","$960,000","$920,000","1950-1959","106","0.0979","$215,000","1 Jan 1900"
" 735","Rangiputa Road","735 Rangiputa Road","Mount Wellington","Far North","$860,000","$630,000","2000-2009","136","0.0809","$185,000","14 Aug 2001"
" 3","Rayma Place","3 Rayma Place","Mount Wellington","Auckland City","$1,050,000","$950,000","1960-1969","260","0.0816","$225,000","1 Jan 1900"
" 5","Rielly Place","5 Rielly Place","Mount Wellington","Auckland City","$1,280,000","$920,000","1970-1979","225","0.0917","$560,000","19 Oct 2009"
" 9","Rielly Place","9 Rielly Place","Mount Wellington","Auckland City","$1,230,000","$920,000","1970-1979","153","0.0928","$312,000","11 Jun 2003"
" 23","Rielly Place","23 Rielly Place","Mount Wellington","Auckland City","$950,000","$920,000","1970-1979","91","0.093","$180,000","1 Jan 1900"
" 27","Rielly Place","27 Rielly Place","Mount Wellington","Auckland City","$960,000","$920,000","1970-1979","100","0.0961","$400,000","26 Jun 2010"
" 33","Rielly Place","33 Rielly Place","Mount Wellington","Auckland City","$1,280,000","$950,000","1970-1979","180","0.0994","$274,000","30 May 2003"
" 35","Rielly Place","35 Rielly Place","Mount Wellington","Auckland City","$980,000","$920,000","1970-1979","129","0.0941","$204,000","27 Apr 2000"
" 39","Rielly Place","39 Rielly Place","Mount Wellington","Auckland City","$980,000","$950,000","1970-1979","177","0.0926","$426,000","5 Aug 2010"
" 8","Ruawai Road","8 Ruawai Road","Mount Wellington","Auckland City","$810,000","$650,000","1940-1949","144","0.0779","$159,000","9 Feb 1996"
" 29","Ruawai Road","29 Ruawai Road","Mount Wellington","Auckland City","$990,000","$950,000","1950-1959","165","0.0809","$240,000","1 Jan 1900"
" 36","Ruawai Road","36 Ruawai Road","Mount Wellington","Auckland City","$1,000,000","$950,000","1950-1959","181","0.091","$350,000","29 Sep 2002"
" 80","Ruawai Road","80 Ruawai Road","Mount Wellington","Auckland City","$975,000","$950,000","1960-1969","96","0.0809","$722,000","11 Jun 2014"
" 102","Ruawai Road","102 Ruawai Road","Mount Wellington","Auckland City","$1,030,000","$1,000,000","1950-1959","108","0.0823","",""
" 105","Ruawai Road","105 Ruawai Road","Mount Wellington","Auckland City","$995,000","$970,000","1950-1959","79","0.0991","$190,000","1 Jan 1900"
" 9","Runa Place","9 Runa Place","Mount Wellington","Auckland City","$650,000","$500,000","1960-1969","96","0.0923","$155,000","1 Jan 1900"
" 10","Runa Place","10 Runa Place","Mount Wellington","Auckland City","$650,000","$490,000","1960-1969","103","0.0842","$155,000","1 Jan 1900"
" 12","Runa Place","12 Runa Place","Mount Wellington","Auckland City","$650,000","$490,000","1960-1969","97","0.0759","$155,000","1 Jan 1900"
" 10","Rydal Drive","10 Rydal Drive","Mount Wellington","Auckland City","$920,000","$690,000","1970-1979","189","0.0983","$255,000","1 Jan 1900"
" 12","Rydal Drive","12 Rydal Drive","Mount Wellington","Auckland City","$1,030,000","$770,000","1970-1979","218","0.0986","$990,000","4 Mar 2015"
" 13","Rydal Drive","13 Rydal Drive","Mount Wellington","Auckland City","$920,000","$690,000","1980-1989","140","0.0921","$245,000","20 Oct 1998"
" 6","Skinner Road","6 Skinner Road","Mount Wellington","Auckland City","$960,000","$900,000","1950-1959","146","0.0996","$240,000","1 Jan 1900"
" 8","Skinner Road","8 Skinner Road","Mount Wellington","Auckland City","$1,050,000","$900,000","1950-1959","269","0.0966","",""
" 4","Spooner Lane","4 Spooner Lane","Mount Wellington","Auckland City","$950,000","$870,000","1980-1989","120","0.0828","",""
" 8E","Sylvia Park Road","8E Sylvia Park Road","Mount Wellington","Auckland City","$2,550,000","$790,000","1990-1999","830","0.098","$1,681,000","13 Dec 2012"
" 7","Walters Road","7 Walters Road","Mount Wellington","Auckland City","$830,000","$600,000","1950-1959","94","0.0769","$93,000","16 Aug 1988"
" 9","Walters Road","9 Walters Road","Mount Wellington","Auckland City","$850,000","$620,000","1950-1959","116","0.0774","$48,000","16 Dec 1985"
" 13","Walters Road","13 Walters Road","Mount Wellington","Auckland City","$1,000,000","$650,000","1950-1959","131","0.0812","$720,000","17 Mar 2015"
" 15","Walters Road","15 Walters Road","Mount Wellington","Auckland City","$900,000","$690,000","1950-1959","114","0.0875","$69,000","4 Oct 1985"
" 17","Walters Road","17 Walters Road","Mount Wellington","Auckland City","$830,000","$650,000","1950-1959","93","0.0941","$302,000","26 Apr 2009"
" 19","Walters Road","19 Walters Road","Mount Wellington","Auckland City","$910,000","$650,000","1950-1959","128","0.0905","$439,000","6 Sep 2010"
" 21","Walters Road","21 Walters Road","Mount Wellington","Auckland City","$910,000","$620,000","1950-1959","136","0.0766","$48,000","15 Nov 1982"
" 23","Walters Road","23 Walters Road","Mount Wellington","Auckland City","$750,000","$620,000","1950-1959","120","0.0766","$476,000","9 Apr 2013"
" 28","Walters Road","28 Walters Road","Mount Wellington","Auckland City","$900,000","$650,000","1950-1959","119","0.0761","$716,000","13 May 2015"
" 30","Walters Road","30 Walters Road","Mount Wellington","Auckland City","$880,000","$650,000","1950-1959","88","0.0756","$170,000","26 Sep 2000"
" 39","Walters Road","39 Walters Road","Mount Wellington","Auckland City","$850,000","$660,000","1950-1959","127","0.0923","$105,000","27 May 1990"
" 41","Walters Road","41 Walters Road","Mount Wellington","Auckland City","$800,000","$600,000","1950-1959","95","0.0784","$111,000","4 Feb 1991"
" 44","Walters Road","44 Walters Road","Mount Wellington","Auckland City","$880,000","$660,000","1950-1959","94","0.0761","$647,000","3 Jun 2015"
" 47","Walters Road","47 Walters Road","Mount Wellington","Auckland City","$800,000","$620,000","1950-1959","92","0.0817","$147,000","8 Jan 2003"
" 49","Walters Road","49 Walters Road","Mount Wellington","Auckland City","$910,000","$650,000","1950-1959","125","0.0822","$910,000","5 Nov 2015"
" 53","Walters Road","53 Walters Road","Mount Wellington","Auckland City","$880,000","$620,000","1950-1959","218","0.0798","$620,000","8 Apr 2015"
" 57","Walters Road","57 Walters Road","Mount Wellington","Auckland City","$850,000","$620,000","1950-1959","112","0.0779","$175,000","1 Jan 1900"
" 60","Walters Road","60 Walters Road","Mount Wellington","Auckland City","$900,000","$660,000","1950-1959","120","0.0845","$165,000","20 Oct 2000"
" 71","Walters Road","71 Walters Road","Mount Wellington","Auckland City","$880,000","$620,000","1950-1959","126","0.0804","$120,000","19 Jul 1990"
" 73","Walters Road","73 Walters Road","Mount Wellington","Auckland City","$830,000","$650,000","1950-1959","80","0.0804","$312,000","12 Jan 2011"
" 19","Whitford Avenue","19 Whitford Avenue","Mount Wellington","Auckland City","$1,230,000","$970,000","1980-1989","237","0.0994","$91,000","16 Dec 1988"
" 1","Wilson Way","1 Wilson Way","Mount Wellington","Auckland City","$975,000","$950,000","1950-1959","102","0.0913","$250,000","1 Jan 1900"
" 8-10","Yee Place","8-10 Yee Place","Mount Wellington","Auckland City","$1,050,000","$740,000","1980-1989","230","0.0805","",""
" 12-14","Yee Place","12-14 Yee Place","Mount Wellington","Auckland City","$1,100,000","$870,000","1980-1989","203","0.0809","$165,000","1 Jan 1900"
" 16-18","Yee Place","16-18 Yee Place","Mount Wellington","Auckland City","$1,130,000","$870,000","1980-1989","193","0.0822","$165,000","1 Jan 1900"
" 3","Young Road","3 Young Road","Mount Wellington","Auckland City","$1,030,000","$770,000","1960-1969","248","0.0895","$108,000","20 Jan 1992"
" 5","Young Road","5 Young Road","Mount Wellington","Auckland City","$780,000","$600,000","1950-1959","79","0.0943","$430,000","31 Jan 2013"
" 11","Young Road","11 Young Road","Mount Wellington","Auckland City","$870,000","$660,000","1950-1959","111","0.0756","$175,000","1 Jan 1900"
