18 Alcock Street Mount Wellington Auckland City,{"x": 19462307.338408716, "y": -4425547.450199603},{"OBJECTID": 14958, "NAME": null, "ZONE": 27, "VALIDATIONSTATE": 3, "VERSIONSTATUS": 4}
2 Allen Road Mount Wellington Auckland City,{"x": 19462545.561065514, "y": -4425701.98751204},{"OBJECTID": 119358, "NAME": null, "ZONE": 27, "VALIDATIONSTATE": 3, "VERSIONSTATUS": 4}
3 Allen Road Mount Wellington Auckland City,{"x": 19462536.904592365, "y": -4425721.9785244465},{"OBJECTID": 119358, "NAME": null, "ZONE": 27, "VALIDATIONSTATE": 3, "VERSIONSTATUS": 4}
5 Allen Road Mount Wellington Auckland City,{"x": 19462516.426254608, "y": -4425761.101551472},{"OBJECTID": 119358, "NAME": null, "ZONE": 27, "VALIDATIONSTATE": 3, "VERSIONSTATUS": 4}
6 Allen Road Mount Wellington Auckland City,{"x": 19462506.682153605, "y": -4425778.506606342},{"OBJECTID": 119358, "NAME": null, "ZONE": 27, "VALIDATIONSTATE": 3, "VERSIONSTATUS": 4}
9 Allen Road Mount Wellington Auckland City,{"x": 19462512.594709534, "y": -4425784.553662893},{"OBJECTID": 119358, "NAME": null, "ZONE": 27, "VALIDATIONSTATE": 3, "VERSIONSTATUS": 4}
10 Allen Road Mount Wellington Auckland City,{"x": 19462513.5340677, "y": -4425782.613810362},{"OBJECTID": 119358, "NAME": null, "ZONE": 27, "VALIDATIONSTATE": 3, "VERSIONSTATUS": 4}
11 Allen Road Mount Wellington Auckland City,{"x": 19462523.836805735, "y": -4425762.284294234},{"OBJECTID": 119358, "NAME": null, "ZONE": 27, "VALIDATIONSTATE": 3, "VERSIONSTATUS": 4}
13 Allen Road Mount Wellington Auckland City,{"x": 19462541.58657938, "y": -4425728.7388378335},{"OBJECTID": 119358, "NAME": null, "ZONE": 27, "VALIDATIONSTATE": 3, "VERSIONSTATUS": 4}
14 Allen Road Mount Wellington Auckland City,{"x": 19462550.354449112, "y": -4425708.501343253},{"OBJECTID": 119358, "NAME": null, "ZONE": 27, "VALIDATIONSTATE": 3, "VERSIONSTATUS": 4}
72 Aranui Road Mount Wellington Auckland City,{"x": 19462069.62416064, "y": -4427342.885172233},{"OBJECTID": 204852, "NAME": null, "ZONE": 27, "VALIDATIONSTATE": 3, "VERSIONSTATUS": 4}
74 Aranui Road Mount Wellington Auckland City,{"x": 19462053.928915422, "y": -4427321.299578085},{"OBJECTID": 204852, "NAME": null, "ZONE": 27, "VALIDATIONSTATE": 3, "VERSIONSTATUS": 4}
82 Aranui Road Mount Wellington Auckland City,{"x": 19462008.28588462, "y": -4427260.600015754},{"OBJECTID": 204852, "NAME": null, "ZONE": 27, "VALIDATIONSTATE": 3, "VERSIONSTATUS": 4}
88 Aranui Road Mount Wellington Auckland City,{"x": 19461988.197598677, "y": -4427231.07740568},{"OBJECTID": 204852, "NAME": null, "ZONE": 27, "VALIDATIONSTATE": 3, "VERSIONSTATUS": 4}
90 Aranui Road Mount Wellington Auckland City,{"x": 19461979.515481386, "y": -4427221.754486266},{"OBJECTID": 204852, "NAME": null, "ZONE": 27, "VALIDATIONSTATE": 3, "VERSIONSTATUS": 4}
102 Aranui Road Mount Wellington Auckland City,{"x": 19461928.304741625, "y": -4427150.747519059},{"OBJECTID": 204852, "NAME": null, "ZONE": 27, "VALIDATIONSTATE": 3, "VERSIONSTATUS": 4}
106 Aranui Road Mount Wellington Auckland City,{"x": 19461874.91452239, "y": -4427079.638113296},{"OBJECTID": 102989, "NAME": null, "ZONE": 27, "VALIDATIONSTATE": 3, "VERSIONSTATUS": 4}
111 Aranui Road Mount Wellington Auckland City,{"x": 19461605.49262383, "y": -4427002.406738355},{"OBJECTID": 82642, "NAME": null, "ZONE": 27, "VALIDATIONSTATE": 3, "VERSIONSTATUS": 4}
129 Aranui Road Mount Wellington Auckland City,{"x": 19461379.90745941, "y": -4426874.218257289},{"OBJECTID": 50346, "NAME": null, "ZONE": 27, "VALIDATIONSTATE": 3, "VERSIONSTATUS": 4}
5 Bailey Road Mount Wellington Auckland City,{"x": 19461675.478408497, "y": -4426317.883673039},{"OBJECTID": 26845, "NAME": null, "ZONE": 27, "VALIDATIONSTATE": 3, "VERSIONSTATUS": 4}
7 Bailey Road Mount Wellington Auckland City,{"x": 19461679.878370948, "y": -4426341.690180237},{"OBJECTID": 26845, "NAME": null, "ZONE": 27, "VALIDATIONSTATE": 3, "VERSIONSTATUS": 4}
8 Bailey Road Mount Wellington Auckland City,{"x": 19461687.252742767, "y": -4426337.877351058},{"OBJECTID": 26845, "NAME": null, "ZONE": 27, "VALIDATIONSTATE": 3, "VERSIONSTATUS": 4}
9 Bailey Road Mount Wellington Auckland City,{"x": 19461684.49528725, "y": -4426361.737806637},{"OBJECTID": 26845, "NAME": null, "ZONE": 27, "VALIDATIONSTATE": 3, "VERSIONSTATUS": 4}
10 Bailey Road Mount Wellington Auckland City,{"x": 19461692.59688131, "y": -4426362.936880971},{"OBJECTID": 26845, "NAME": null, "ZONE": 27, "VALIDATIONSTATE": 3, "VERSIONSTATUS": 4}
13 Bailey Road Mount Wellington Auckland City,{"x": 19461694.358911037, "y": -4426415.599954313},{"OBJECTID": 26845, "NAME": null, "ZONE": 27, "VALIDATIONSTATE": 3, "VERSIONSTATUS": 4}
14 Bailey Road Mount Wellington Auckland City,{"x": 19461700.432253573, "y": -4426406.807236365},{"OBJECTID": 26845, "NAME": null, "ZONE": 27, "VALIDATIONSTATE": 3, "VERSIONSTATUS": 4}
18 Bailey Road Mount Wellington Auckland City,{"x": 19461708.55573383, "y": -4426451.914725538},{"OBJECTID": 26845, "NAME": null, "ZONE": 27, "VALIDATIONSTATE": 3, "VERSIONSTATUS": 4}
25 Bailey Road Mount Wellington Auckland City,{"x": 19461712.18333022, "y": -4426509.671906005},{"OBJECTID": 26845, "NAME": null, "ZONE": 27, "VALIDATIONSTATE": 3, "VERSIONSTATUS": 4}
33 Bailey Road Mount Wellington Auckland City,{"x": 19461753.6776945, "y": -4426574.527313851},{"OBJECTID": 26845, "NAME": null, "ZONE": 27, "VALIDATIONSTATE": 3, "VERSIONSTATUS": 4}
35 Bailey Road Mount Wellington Auckland City,{"x": 19461768.096411124, "y": -4426588.310355101},{"OBJECTID": 26845, "NAME": null, "ZONE": 27, "VALIDATIONSTATE": 3, "VERSIONSTATUS": 4}
1 Banks Road Mount Wellington Auckland City,{"x": 19462874.59939176, "y": -4425119.426968354},{"OBJECTID": 199066, "NAME": null, "ZONE": 27, "VALIDATIONSTATE": 3, "VERSIONSTATUS": 4}
3 Banks Road Mount Wellington Auckland City,{"x": 19462852.558132578, "y": -4425109.539971486},{"OBJECTID": 199066, "NAME": null, "ZONE": 27, "VALIDATIONSTATE": 3, "VERSIONSTATUS": 4}
5 Banks Road Mount Wellington Auckland City,{"x": 19462834.52437507, "y": -4425100.634515561},{"OBJECTID": 199066, "NAME": null, "ZONE": 27, "VALIDATIONSTATE": 3, "VERSIONSTATUS": 4}
21 Banks Road Mount Wellington Auckland City,{"x": 19462755.466032658, "y": -4425063.038041871},{"OBJECTID": 199066, "NAME": null, "ZONE": 27, "VALIDATIONSTATE": 3, "VERSIONSTATUS": 4}
23 Banks Road Mount Wellington Auckland City,{"x": 19462735.3107167, "y": -4425053.015449447},{"OBJECTID": 199066, "NAME": null, "ZONE": 27, "VALIDATIONSTATE": 3, "VERSIONSTATUS": 4}
35 Banks Road Mount Wellington Auckland City,{"x": 19462665.306575805, "y": -4425019.189269826},{"OBJECTID": 54735, "NAME": null, "ZONE": 27, "VALIDATIONSTATE": 3, "VERSIONSTATUS": 4}
55 Banks Road Mount Wellington Auckland City,{"x": 19462451.510527037, "y": -4424917.5873985905},{"OBJECTID": 65876, "NAME": null, "ZONE": 27, "VALIDATIONSTATE": 3, "VERSIONSTATUS": 4}
57 Banks Road Mount Wellington Auckland City,{"x": 19462437.318094943, "y": -4424911.470676884},{"OBJECTID": 65876, "NAME": null, "ZONE": 27, "VALIDATIONSTATE": 3, "VERSIONSTATUS": 4}
64 Banks Road Mount Wellington Auckland City,{"x": 19462320.48312778, "y": -4424860.435047484},{"OBJECTID": 85852, "NAME": null, "ZONE": 27, "VALIDATIONSTATE": 3, "VERSIONSTATUS": 4}
65 Banks Road Mount Wellington Auckland City,{"x": 19462361.65783957, "y": -4424872.622070398},{"OBJECTID": 85852, "NAME": null, "ZONE": 27, "VALIDATIONSTATE": 3, "VERSIONSTATUS": 4}
67 Banks Road Mount Wellington Auckland City,{"x": 19462342.730683565, "y": -4424862.464012019},{"OBJECTID": 85852, "NAME": null, "ZONE": 27, "VALIDATIONSTATE": 3, "VERSIONSTATUS": 4}
18 Barrack Road Mount Wellington Auckland City,{"x": 19463107.1860665, "y": -4424857.672835102},{"OBJECTID": 212744, "NAME": null, "ZONE": 27, "VALIDATIONSTATE": 3, "VERSIONSTATUS": 4}
31 Barrack Road Mount Wellington Auckland City,{"x": 19463033.87446997, "y": -4424987.912487865},{"OBJECTID": 212744, "NAME": null, "ZONE": 27, "VALIDATIONSTATE": 3, "VERSIONSTATUS": 4}
39 Barrack Road Mount Wellington Auckland City,{"x": 19463014.05391547, "y": -4425033.149599623},{"OBJECTID": 212744, "NAME": null, "ZONE": 27, "VALIDATIONSTATE": 3, "VERSIONSTATUS": 4}
41 Barrack Road Mount Wellington Auckland City,{"x": 19463004.92855979, "y": -4425051.941933031},{"OBJECTID": 212744, "NAME": null, "ZONE": 27, "VALIDATIONSTATE": 3, "VERSIONSTATUS": 4}
47 Barrack Road Mount Wellington Auckland City,{"x": 19462994.119044736, "y": -4425078.258557606},{"OBJECTID": 212744, "NAME": null, "ZONE": 27, "VALIDATIONSTATE": 3, "VERSIONSTATUS": 4}
48 Barrack Road Mount Wellington Auckland City,{"x": 19463012.437685434, "y": -4425053.200475876},{"OBJECTID": 212744, "NAME": null, "ZONE": 27, "VALIDATIONSTATE": 3, "VERSIONSTATUS": 4}
49 Barrack Road Mount Wellington Auckland City,{"x": 19462983.883336723, "y": -4425094.409665231},{"OBJECTID": 212744, "NAME": null, "ZONE": 27, "VALIDATIONSTATE": 3, "VERSIONSTATUS": 4}
50 Barrack Road Mount Wellington Auckland City,{"x": 19463004.923619803, "y": -4425071.992844756},{"OBJECTID": 212744, "NAME": null, "ZONE": 27, "VALIDATIONSTATE": 3, "VERSIONSTATUS": 4}
52 Barrack Road Mount Wellington Auckland City,{"x": 19462995.804103434, "y": -4425088.272289385},{"OBJECTID": 212744, "NAME": null, "ZONE": 27, "VALIDATIONSTATE": 3, "VERSIONSTATUS": 4}
54 Barrack Road Mount Wellington Auckland City,{"x": 19462986.787224684, "y": -4425105.811890547},{"OBJECTID": 212744, "NAME": null, "ZONE": 27, "VALIDATIONSTATE": 3, "VERSIONSTATUS": 4}
61 Barrack Road Mount Wellington Auckland City,{"x": 19462932.703714218, "y": -4425198.364288709},{"OBJECTID": 201842, "NAME": null, "ZONE": 27, "VALIDATIONSTATE": 3, "VERSIONSTATUS": 4}
67 Barrack Road Mount Wellington Auckland City,{"x": 19462905.034332633, "y": -4425257.247960303},{"OBJECTID": 201842, "NAME": null, "ZONE": 27, "VALIDATIONSTATE": 3, "VERSIONSTATUS": 4}
82A Barrack Road Mount Wellington Auckland City,{"x": 19462888.800094556, "y": -4425309.642752204},{"OBJECTID": 201842, "NAME": null, "ZONE": 27, "VALIDATIONSTATE": 3, "VERSIONSTATUS": 4}
88 Barrack Road Mount Wellington Auckland City,{"x": 19462865.535798512, "y": -4425358.781488752},{"OBJECTID": 201842, "NAME": null, "ZONE": 27, "VALIDATIONSTATE": 3, "VERSIONSTATUS": 4}
89 Barrack Road Mount Wellington Auckland City,{"x": 19462847.094143655, "y": -4425381.843524614},{"OBJECTID": 201842, "NAME": null, "ZONE": 27, "VALIDATIONSTATE": 3, "VERSIONSTATUS": 4}
95 Barrack Road Mount Wellington Auckland City,{"x": 19462818.372109048, "y": -4425442.671015857},{"OBJECTID": 201842, "NAME": null, "ZONE": 27, "VALIDATIONSTATE": 3, "VERSIONSTATUS": 4}
102 Barrack Road Mount Wellington Auckland City,{"x": 19462834.35954781, "y": -4425424.478638203},{"OBJECTID": 201842, "NAME": null, "ZONE": 27, "VALIDATIONSTATE": 3, "VERSIONSTATUS": 4}
103 Barrack Road Mount Wellington Auckland City,{"x": 19462776.052969407, "y": -4425532.067008219},{"OBJECTID": 106869, "NAME": null, "ZONE": 27, "VALIDATIONSTATE": 3, "VERSIONSTATUS": 4}
105 Barrack Road Mount Wellington Auckland City,{"x": 19462748.02216083, "y": -4425584.311847954},{"OBJECTID": 56129, "NAME": null, "ZONE": 27, "VALIDATIONSTATE": 3, "VERSIONSTATUS": 4}
107 Barrack Road Mount Wellington Auckland City,{"x": 19462740.11563441, "y": -4425599.482147105},{"OBJECTID": 56129, "NAME": null, "ZONE": 27, "VALIDATIONSTATE": 3, "VERSIONSTATUS": 4}
109 Barrack Road Mount Wellington Auckland City,{"x": 19462731.59969337, "y": -4425620.781263},{"OBJECTID": 56129, "NAME": null, "ZONE": 27, "VALIDATIONSTATE": 3, "VERSIONSTATUS": 4}
111 Barrack Road Mount Wellington Auckland City,{"x": 19462721.47246227, "y": -4425642.080421604},{"OBJECTID": 56129, "NAME": null, "ZONE": 27, "VALIDATIONSTATE": 3, "VERSIONSTATUS": 4}
113 Barrack Road Mount Wellington Auckland City,{"x": 19462710.343355764, "y": -4425663.243967085},{"OBJECTID": 56129, "NAME": null, "ZONE": 27, "VALIDATIONSTATE": 3, "VERSIONSTATUS": 4}
117 Barrack Road Mount Wellington Auckland City,{"x": 19462692.584251426, "y": -4425696.924872902},{"OBJECTID": 56129, "NAME": null, "ZONE": 27, "VALIDATIONSTATE": 3, "VERSIONSTATUS": 4}
121 Barrack Road Mount Wellington Auckland City,{"x": 19462662.221852284, "y": -4425762.285876836},{"OBJECTID": 21599, "NAME": null, "ZONE": 27, "VALIDATIONSTATE": 3, "VERSIONSTATUS": 4}
123 Barrack Road Mount Wellington Auckland City,{"x": 19462653.20497353, "y": -4425782.332409633},{"OBJECTID": 21599, "NAME": null, "ZONE": 27, "VALIDATIONSTATE": 3, "VERSIONSTATUS": 4}
125 Barrack Road Mount Wellington Auckland City,{"x": 19462644.296571698, "y": -4425805.020461894},{"OBJECTID": 21599, "NAME": null, "ZONE": 27, "VALIDATIONSTATE": 3, "VERSIONSTATUS": 4}
127 Barrack Road Mount Wellington Auckland City,{"x": 19462634.277817525, "y": -4425826.319989942},{"OBJECTID": 289678, "NAME": null, "ZONE": 27, "VALIDATIONSTATE": 3, "VERSIONSTATUS": 4}
133 Barrack Road Mount Wellington Auckland City,{"x": 19462609.924322955, "y": -4425878.961507706},{"OBJECTID": 202810, "NAME": null, "ZONE": 27, "VALIDATIONSTATE": 3, "VERSIONSTATUS": 4}
134 Barrack Road Mount Wellington Auckland City,{"x": 19462723.991504967, "y": -4425651.054759788},{"OBJECTID": 56129, "NAME": null, "ZONE": 27, "VALIDATIONSTATE": 3, "VERSIONSTATUS": 4}
137 Barrack Road Mount Wellington Auckland City,{"x": 19462596.79146561, "y": -4425907.631399329},{"OBJECTID": 202810, "NAME": null, "ZONE": 27, "VALIDATIONSTATE": 3, "VERSIONSTATUS": 4}
137A Barrack Road Mount Wellington Auckland City,{"x": 19462587.666109934, "y": -4425927.678206445},{"OBJECTID": 202810, "NAME": null, "ZONE": 27, "VALIDATIONSTATE": 3, "VERSIONSTATUS": 4}
140 Barrack Road Mount Wellington Auckland City,{"x": 19462694.04131042, "y": -4425714.66956431},{"OBJECTID": 61172, "NAME": null, "ZONE": 27, "VALIDATIONSTATE": 3, "VERSIONSTATUS": 4}
150 Barrack Road Mount Wellington Auckland City,{"x": 19462657.62214876, "y": -4425791.034121432},{"OBJECTID": 21599, "NAME": null, "ZONE": 27, "VALIDATIONSTATE": 3, "VERSIONSTATUS": 4}
162 Barrack Road Mount Wellington Auckland City,{"x": 19462622.915771317, "y": -4425868.843212982},{"OBJECTID": 202810, "NAME": null, "ZONE": 27, "VALIDATIONSTATE": 3, "VERSIONSTATUS": 4}
184 Barrack Road Mount Wellington Auckland City,{"x": 19462541.462932456, "y": -4426040.452287739},{"OBJECTID": 202810, "NAME": null, "ZONE": 27, "VALIDATIONSTATE": 3, "VERSIONSTATUS": 4}
188 Barrack Road Mount Wellington Auckland City,{"x": 19462525.989847645, "y": -4426074.211706034},{"OBJECTID": 202810, "NAME": null, "ZONE": 27, "VALIDATIONSTATE": 3, "VERSIONSTATUS": 4}
1 Bass Road Mount Wellington Auckland City,{"x": 19462433.12301908, "y": -4425640.672902385},{"OBJECTID": 87552, "NAME": null, "ZONE": 27, "VALIDATIONSTATE": 3, "VERSIONSTATUS": 4}
3 Bass Road Mount Wellington Auckland City,{"x": 19462415.14873711, "y": -4425673.1504502045},{"OBJECTID": 87552, "NAME": null, "ZONE": 27, "VALIDATIONSTATE": 3, "VERSIONSTATUS": 4}
9 Bass Road Mount Wellington Auckland City,{"x": 19462392.05723388, "y": -4425720.079332493},{"OBJECTID": 87552, "NAME": null, "ZONE": 27, "VALIDATIONSTATE": 3, "VERSIONSTATUS": 4}
13 Bass Road Mount Wellington Auckland City,{"x": 19462406.862327855, "y": -4425707.404499821},{"OBJECTID": 87552, "NAME": null, "ZONE": 27, "VALIDATIONSTATE": 3, "VERSIONSTATUS": 4}
15 Bass Road Mount Wellington Auckland City,{"x": 19462425.623307604, "y": -4425671.206099222},{"OBJECTID": 87552, "NAME": null, "ZONE": 27, "VALIDATIONSTATE": 3, "VERSIONSTATUS": 4}
16 Bass Road Mount Wellington Auckland City,{"x": 19462434.70899258, "y": -4425653.432194719},{"OBJECTID": 87552, "NAME": null, "ZONE": 27, "VALIDATIONSTATE": 3, "VERSIONSTATUS": 4}
15 Bernard Street Mount Wellington Auckland City,{"x": 19464961.31704595, "y": -4428991.668741613},{"OBJECTID": 102975, "NAME": null, "ZONE": 27, "VALIDATIONSTATE": 3, "VERSIONSTATUS": 4}
18 Bernard Street Mount Wellington Auckland City,{"x": 19465044.529711112, "y": -4428898.868813262},{"OBJECTID": 122424, "NAME": null, "ZONE": 27, "VALIDATIONSTATE": 3, "VERSIONSTATUS": 4}
19 Bernard Street Mount Wellington Auckland City,{"x": 19464909.429434314, "y": -4428995.800685636},{"OBJECTID": 102975, "NAME": null, "ZONE": 27, "VALIDATIONSTATE": 3, "VERSIONSTATUS": 4}
32 Bernard Street Mount Wellington Auckland City,{"x": 19464952.632519692, "y": -4429000.782963572},{"OBJECTID": 102975, "NAME": null, "ZONE": 27, "VALIDATIONSTATE": 3, "VERSIONSTATUS": 4}
34 Bernard Street Mount Wellington Auckland City,{"x": 19464928.496550698, "y": -4429003.448585275},{"OBJECTID": 102975, "NAME": null, "ZONE": 27, "VALIDATIONSTATE": 3, "VERSIONSTATUS": 4}
35 Bernard Street Mount Wellington Auckland City,{"x": 19464745.428063568, "y": -4428998.229925695},{"OBJECTID": 57944, "NAME": null, "ZONE": 27, "VALIDATIONSTATE": 3, "VERSIONSTATUS": 4}
37 Bernard Street Mount Wellington Auckland City,{"x": 19464732.38038693, "y": -4429004.613094146},{"OBJECTID": 57944, "NAME": null, "ZONE": 27, "VALIDATIONSTATE": 3, "VERSIONSTATUS": 4}
39 Bernard Street Mount Wellington Auckland City,{"x": 19464717.460160866, "y": -4429015.93645934},{"OBJECTID": 57944, "NAME": null, "ZONE": 27, "VALIDATIONSTATE": 3, "VERSIONSTATUS": 4}
43 Bernard Street Mount Wellington Auckland City,{"x": 19464703.535970915, "y": -4429032.389729433},{"OBJECTID": 57944, "NAME": null, "ZONE": 27, "VALIDATIONSTATE": 3, "VERSIONSTATUS": 4}
3 Bertrand Road Mount Wellington Auckland City,{"x": 19463062.094934102, "y": -4425422.562416864},{"OBJECTID": 126912, "NAME": null, "ZONE": 27, "VALIDATIONSTATE": 3, "VERSIONSTATUS": 4}
5 Bertrand Road Mount Wellington Auckland City,{"x": 19463054.523474306, "y": -4425438.855725886},{"OBJECTID": 126912, "NAME": null, "ZONE": 27, "VALIDATIONSTATE": 3, "VERSIONSTATUS": 4}
11 Bertrand Road Mount Wellington Auckland City,{"x": 19463028.64088971, "y": -4425484.929003454},{"OBJECTID": 126912, "NAME": null, "ZONE": 27, "VALIDATIONSTATE": 3, "VERSIONSTATUS": 4}
2 Boakes Road Mount Wellington Auckland City,{"x": 19462680.7392351, "y": -4425062.393145763},{"OBJECTID": 201683, "NAME": null, "ZONE": 27, "VALIDATIONSTATE": 3, "VERSIONSTATUS": 4}
5 Boakes Road Mount Wellington Auckland City,{"x": 19462645.171880536, "y": -4425116.819154715},{"OBJECTID": 201683, "NAME": null, "ZONE": 27, "VALIDATIONSTATE": 3, "VERSIONSTATUS": 4}
6 Boakes Road Mount Wellington Auckland City,{"x": 19462666.3253364, "y": -4425099.686328634},{"OBJECTID": 201683, "NAME": null, "ZONE": 27, "VALIDATIONSTATE": 3, "VERSIONSTATUS": 4}
10 Boakes Road Mount Wellington Auckland City,{"x": 19462644.27417481, "y": -4425128.922908596},{"OBJECTID": 201683, "NAME": null, "ZONE": 27, "VALIDATIONSTATE": 3, "VERSIONSTATUS": 4}
16 Boakes Road Mount Wellington Auckland City,{"x": 19462626.31214318, "y": -4425147.747479164},{"OBJECTID": 201683, "NAME": null, "ZONE": 27, "VALIDATIONSTATE": 3, "VERSIONSTATUS": 4}
18 Boakes Road Mount Wellington Auckland City,{"x": 19462610.891551137, "y": -4425164.034341898},{"OBJECTID": 201683, "NAME": null, "ZONE": 27, "VALIDATIONSTATE": 3, "VERSIONSTATUS": 4}
20 Boakes Road Mount Wellington Auckland City,{"x": 19462593.85966904, "y": -4425181.57406815},{"OBJECTID": 201683, "NAME": null, "ZONE": 27, "VALIDATIONSTATE": 3, "VERSIONSTATUS": 4}
24 Boakes Road Mount Wellington Auckland City,{"x": 19462561.61418531, "y": -4425212.66608582},{"OBJECTID": 201683, "NAME": null, "ZONE": 27, "VALIDATIONSTATE": 3, "VERSIONSTATUS": 4}
27 Boakes Road Mount Wellington Auckland City,{"x": 19462478.469243955, "y": -4425293.484396835},{"OBJECTID": 201683, "NAME": null, "ZONE": 27, "VALIDATIONSTATE": 3, "VERSIONSTATUS": 4}
29 Boakes Road Mount Wellington Auckland City,{"x": 19462464.94392582, "y": -4425307.265775823},{"OBJECTID": 201683, "NAME": null, "ZONE": 27, "VALIDATIONSTATE": 3, "VERSIONSTATUS": 4}
39 Boakes Road Mount Wellington Auckland City,{"x": 19462432.040087096, "y": -4425410.153295797},{"OBJECTID": 201099, "NAME": null, "ZONE": 27, "VALIDATIONSTATE": 3, "VERSIONSTATUS": 4}
41 Boakes Road Mount Wellington Auckland City,{"x": 19462432.148564015, "y": -4425431.452032061},{"OBJECTID": 201099, "NAME": null, "ZONE": 27, "VALIDATIONSTATE": 3, "VERSIONSTATUS": 4}
43 Boakes Road Mount Wellington Auckland City,{"x": 19462432.148564015, "y": -4425451.602954887},{"OBJECTID": 201099, "NAME": null, "ZONE": 27, "VALIDATIONSTATE": 3, "VERSIONSTATUS": 4}
45 Boakes Road Mount Wellington Auckland City,{"x": 19462432.040087096, "y": -4425474.154647321},{"OBJECTID": 201099, "NAME": null, "ZONE": 27, "VALIDATIONSTATE": 3, "VERSIONSTATUS": 4}
49 Boakes Road Mount Wellington Auckland City,{"x": 19462432.25704094, "y": -4425515.499541132},{"OBJECTID": 201099, "NAME": null, "ZONE": 27, "VALIDATIONSTATE": 3, "VERSIONSTATUS": 4}
50 Boakes Road Mount Wellington Auckland City,{"x": 19462439.96560249, "y": -4425430.285207787},{"OBJECTID": 201099, "NAME": null, "ZONE": 27, "VALIDATIONSTATE": 3, "VERSIONSTATUS": 4}
54 Boakes Road Mount Wellington Auckland City,{"x": 19462439.96560249, "y": -4425476.66039388},{"OBJECTID": 201099, "NAME": null, "ZONE": 27, "VALIDATIONSTATE": 3, "VERSIONSTATUS": 4}
55 Boakes Road Mount Wellington Auckland City,{"x": 19462434.690575328, "y": -4425579.650280493},{"OBJECTID": 201099, "NAME": null, "ZONE": 27, "VALIDATIONSTATE": 3, "VERSIONSTATUS": 4}
60 Boakes Road Mount Wellington Auckland City,{"x": 19462439.907903165, "y": -4425539.304249966},{"OBJECTID": 201099, "NAME": null, "ZONE": 27, "VALIDATIONSTATE": 3, "VERSIONSTATUS": 4}
64 Boakes Road Mount Wellington Auckland City,{"x": 19462459.529654507, "y": -4425612.770988633},{"OBJECTID": 122223, "NAME": null, "ZONE": 27, "VALIDATIONSTATE": 3, "VERSIONSTATUS": 4}
66 Boakes Road Mount Wellington Auckland City,{"x": 19462482.68126602, "y": -4425624.046999953},{"OBJECTID": 45994, "NAME": null, "ZONE": 27, "VALIDATIONSTATE": 3, "VERSIONSTATUS": 4}
74 Boakes Road Mount Wellington Auckland City,{"x": 19462559.82567314, "y": -4425661.486466497},{"OBJECTID": 42708, "NAME": null, "ZONE": 27, "VALIDATIONSTATE": 3, "VERSIONSTATUS": 4}
78 Boakes Road Mount Wellington Auckland City,{"x": 19462598.351223245, "y": -4425677.626792418},{"OBJECTID": 80125, "NAME": null, "ZONE": 27, "VALIDATIONSTATE": 3, "VERSIONSTATUS": 4}
4 Camp Road Mount Wellington Auckland City,{"x": 19463595.443037145, "y": -4429711.906466396},{"OBJECTID": 54009, "NAME": null, "ZONE": 27, "VALIDATIONSTATE": 3, "VERSIONSTATUS": 4}
8 Camp Road Mount Wellington Auckland City,{"x": 19463613.19521975, "y": -4429707.595239785},{"OBJECTID": 54009, "NAME": null, "ZONE": 27, "VALIDATIONSTATE": 3, "VERSIONSTATUS": 4}
9 Camp Road Mount Wellington Auckland City,{"x": 19463669.1496255, "y": -4429702.636490229},{"OBJECTID": 54009, "NAME": null, "ZONE": 27, "VALIDATIONSTATE": 3, "VERSIONSTATUS": 4}
10 Camp Road Mount Wellington Auckland City,{"x": 19463621.992735695, "y": -4429704.25052214},{"OBJECTID": 54009, "NAME": null, "ZONE": 27, "VALIDATIONSTATE": 3, "VERSIONSTATUS": 4}
12 Camp Road Mount Wellington Auckland City,{"x": 19463643.533057164, "y": -4429700.626113211},{"OBJECTID": 54009, "NAME": null, "ZONE": 27, "VALIDATIONSTATE": 3, "VERSIONSTATUS": 4}
16 Camp Road Mount Wellington Auckland City,{"x": 19463664.68332681, "y": -4429695.748715875},{"OBJECTID": 54009, "NAME": null, "ZONE": 27, "VALIDATIONSTATE": 3, "VERSIONSTATUS": 4}
18 Camp Road Mount Wellington Auckland City,{"x": 19463670.082755722, "y": -4429694.35925551},{"OBJECTID": 54009, "NAME": null, "ZONE": 27, "VALIDATIONSTATE": 3, "VERSIONSTATUS": 4}
19 Camp Road Mount Wellington Auckland City,{"x": 19463771.393410813, "y": -4429679.940108391},{"OBJECTID": 54009, "NAME": null, "ZONE": 27, "VALIDATIONSTATE": 3, "VERSIONSTATUS": 4}
20 Camp Road Mount Wellington Auckland City,{"x": 19463692.12401489, "y": -4429689.210064738},{"OBJECTID": 54009, "NAME": null, "ZONE": 27, "VALIDATIONSTATE": 3, "VERSIONSTATUS": 4}
21 Camp Road Mount Wellington Auckland City,{"x": 19463792.43279458, "y": -4429676.327380669},{"OBJECTID": 54009, "NAME": null, "ZONE": 27, "VALIDATIONSTATE": 3, "VERSIONSTATUS": 4}
30 Camp Road Mount Wellington Auckland City,{"x": 19463746.72622513, "y": -4429678.065442801},{"OBJECTID": 54009, "NAME": null, "ZONE": 27, "VALIDATIONSTATE": 3, "VERSIONSTATUS": 4}
6/99 Carbine Road Mount Wellington Auckland City,{"x": 19464046.757694617, "y": -4427986.313452438},{"OBJECTID": 210473, "NAME": null, "ZONE": 27, "VALIDATIONSTATE": 3, "VERSIONSTATUS": 4}
3 Cebalo Place Mount Wellington Auckland City,{"x": 19461988.53699497, "y": -4425456.398613107},{"OBJECTID": 20710, "NAME": null, "ZONE": 27, "VALIDATIONSTATE": 3, "VERSIONSTATUS": 4}
4 Cebalo Place Mount Wellington Auckland City,{"x": 19461973.233577784, "y": -4425477.08489483},{"OBJECTID": 20710, "NAME": null, "ZONE": 27, "VALIDATIONSTATE": 3, "VERSIONSTATUS": 4}
8 Cebalo Place Mount Wellington Auckland City,{"x": 19461936.496845003, "y": -4425510.231250696},{"OBJECTID": 20710, "NAME": null, "ZONE": 27, "VALIDATIONSTATE": 3, "VERSIONSTATUS": 4}
9 Cebalo Place Mount Wellington Auckland City,{"x": 19461936.38175152, "y": -4425510.372547933},{"OBJECTID": 20710, "NAME": null, "ZONE": 27, "VALIDATIONSTATE": 3, "VERSIONSTATUS": 4}
10 Cebalo Place Mount Wellington Auckland City,{"x": 19461936.8249899, "y": -4425510.0865593655},{"OBJECTID": 20710, "NAME": null, "ZONE": 27, "VALIDATIONSTATE": 3, "VERSIONSTATUS": 4}
11 Cebalo Place Mount Wellington Auckland City,{"x": 19461936.776316103, "y": -4425509.815251621},{"OBJECTID": 20710, "NAME": null, "ZONE": 27, "VALIDATIONSTATE": 3, "VERSIONSTATUS": 4}
12 Cebalo Place Mount Wellington Auckland City,{"x": 19461940.522436332, "y": -4425517.0204856815},{"OBJECTID": 278195, "NAME": "", "ZONE": 18, "VALIDATIONSTATE": 3, "VERSIONSTATUS": 4}
14 Cebalo Place Mount Wellington Auckland City,{"x": 19461940.12967039, "y": -4425516.047571312},{"OBJECTID": 278195, "NAME": "", "ZONE": 18, "VALIDATIONSTATE": 3, "VERSIONSTATUS": 4}
15 Cebalo Place Mount Wellington Auckland City,{"x": 19461940.145922814, "y": -4425517.161783007},{"OBJECTID": 278195, "NAME": "", "ZONE": 18, "VALIDATIONSTATE": 3, "VERSIONSTATUS": 4}
16 Cebalo Place Mount Wellington Auckland City,{"x": 19461940.309690095, "y": -4425517.0204856815},{"OBJECTID": 278195, "NAME": "", "ZONE": 18, "VALIDATIONSTATE": 3, "VERSIONSTATUS": 4}
22 Cebalo Place Mount Wellington Auckland City,{"x": 19461996.897950135, "y": -4425427.605954809},{"OBJECTID": 20710, "NAME": null, "ZONE": 27, "VALIDATIONSTATE": 3, "VERSIONSTATUS": 4}
15 Charlotte Street Mount Wellington Auckland,{"x": 19453830.192402527, "y": -4420451.1475962},{"OBJECTID": 55312, "NAME": null, "ZONE": 27, "VALIDATIONSTATE": 3, "VERSIONSTATUS": 4}
7 Clare Place Mount Wellington Auckland City,{"x": 19462923.97990589, "y": -4424823.9100574795},{"OBJECTID": 15809, "NAME": null, "ZONE": 27, "VALIDATIONSTATE": 3, "VERSIONSTATUS": 4}
13 Clare Place Mount Wellington Auckland City,{"x": 19462916.663805123, "y": -4424818.945543173},{"OBJECTID": 15809, "NAME": null, "ZONE": 27, "VALIDATIONSTATE": 3, "VERSIONSTATUS": 4}
18 Commissariat Road Mount Wellington Auckland City,{"x": 19462010.661475554, "y": -4426518.031433545},{"OBJECTID": 226410, "NAME": null, "ZONE": 27, "VALIDATIONSTATE": 3, "VERSIONSTATUS": 4}
20 Commissariat Road Mount Wellington Auckland City,{"x": 19461992.018303413, "y": -4426528.055408447},{"OBJECTID": 226410, "NAME": null, "ZONE": 27, "VALIDATIONSTATE": 3, "VERSIONSTATUS": 4}
26 Commissariat Road Mount Wellington Auckland City,{"x": 19461927.505815927, "y": -4426558.127389924},{"OBJECTID": 226410, "NAME": null, "ZONE": 27, "VALIDATIONSTATE": 3, "VERSIONSTATUS": 4}
28 Commissariat Road Mount Wellington Auckland City,{"x": 19461908.470183004, "y": -4426567.045737424},{"OBJECTID": 226410, "NAME": null, "ZONE": 27, "VALIDATIONSTATE": 3, "VERSIONSTATUS": 4}
32 Commissariat Road Mount Wellington Auckland City,{"x": 19461884.898118623, "y": -4426578.3227619},{"OBJECTID": 226410, "NAME": null, "ZONE": 27, "VALIDATIONSTATE": 3, "VERSIONSTATUS": 4}
34 Commissariat Road Mount Wellington Auckland City,{"x": 19461865.970962618, "y": -4426585.84078487},{"OBJECTID": 226410, "NAME": null, "ZONE": 27, "VALIDATIONSTATE": 3, "VERSIONSTATUS": 4}
43 Commissariat Road Mount Wellington Auckland City,{"x": 19461761.771467507, "y": -4426683.313192186},{"OBJECTID": 55249, "NAME": null, "ZONE": 27, "VALIDATIONSTATE": 3, "VERSIONSTATUS": 4}
45 Commissariat Road Mount Wellington Auckland City,{"x": 19461752.70622012, "y": -4426704.761820446},{"OBJECTID": 55249, "NAME": null, "ZONE": 27, "VALIDATIONSTATE": 3, "VERSIONSTATUS": 4}
61 Commissariat Road Mount Wellington Auckland City,{"x": 19461715.258334417, "y": -4426824.522675948},{"OBJECTID": 55249, "NAME": null, "ZONE": 27, "VALIDATIONSTATE": 3, "VERSIONSTATUS": 4}
67 Commissariat Road Mount Wellington Auckland City,{"x": 19461711.14235583, "y": -4426895.9457648},{"OBJECTID": 55249, "NAME": null, "ZONE": 27, "VALIDATIONSTATE": 3, "VERSIONSTATUS": 4}
73 Commissariat Road Mount Wellington Auckland City,{"x": 19461707.63579187, "y": -4426963.610186812},{"OBJECTID": 55249, "NAME": null, "ZONE": 27, "VALIDATIONSTATE": 3, "VERSIONSTATUS": 4}
74 Commissariat Road Mount Wellington Auckland City,{"x": 19461718.281173445, "y": -4427060.814561452},{"OBJECTID": 195439, "NAME": null, "ZONE": 27, "VALIDATIONSTATE": 3, "VERSIONSTATUS": 4}
17 Coppins Road Mount Wellington Auckland City,{"x": 19464257.34951952, "y": -4429754.38101353},{"OBJECTID": 87135, "NAME": null, "ZONE": 27, "VALIDATIONSTATE": 3, "VERSIONSTATUS": 4}
18 Coppins Road Mount Wellington Auckland City,{"x": 19464252.95888776, "y": -4429741.284074307},{"OBJECTID": 87135, "NAME": null, "ZONE": 27, "VALIDATIONSTATE": 3, "VERSIONSTATUS": 4}
19 Coppins Road Mount Wellington Auckland City,{"x": 19464245.646034244, "y": -4429725.616161737},{"OBJECTID": 87135, "NAME": null, "ZONE": 27, "VALIDATIONSTATE": 3, "VERSIONSTATUS": 4}
20 Coppins Road Mount Wellington Auckland City,{"x": 19464237.51734743, "y": -4429716.68062683},{"OBJECTID": 87135, "NAME": null, "ZONE": 27, "VALIDATIONSTATE": 3, "VERSIONSTATUS": 4}
23 Coppins Road Mount Wellington Auckland City,{"x": 19464203.619248807, "y": -4429700.455386986},{"OBJECTID": 87135, "NAME": null, "ZONE": 27, "VALIDATIONSTATE": 3, "VERSIONSTATUS": 4}
24 Coppins Road Mount Wellington Auckland City,{"x": 19464187.603268687, "y": -4429701.867812259},{"OBJECTID": 87135, "NAME": null, "ZONE": 27, "VALIDATIONSTATE": 3, "VERSIONSTATUS": 4}
26 Coppins Road Mount Wellington Auckland City,{"x": 19464153.472474486, "y": -4429707.998966878},{"OBJECTID": 87135, "NAME": null, "ZONE": 27, "VALIDATIONSTATE": 3, "VERSIONSTATUS": 4}
2 Cotswold Lane Mount Wellington Auckland City,{"x": 19461310.917505316, "y": -4426716.305963135},{"OBJECTID": 60187, "NAME": null, "ZONE": 27, "VALIDATIONSTATE": 3, "VERSIONSTATUS": 4}
3 Cotswold Lane Mount Wellington Auckland City,{"x": 19461328.506309267, "y": -4426707.658828629},{"OBJECTID": 60187, "NAME": null, "ZONE": 27, "VALIDATIONSTATE": 3, "VERSIONSTATUS": 4}
4 Cotswold Lane Mount Wellington Auckland City,{"x": 19461350.279326312, "y": -4426701.15304142},{"OBJECTID": 60187, "NAME": null, "ZONE": 27, "VALIDATIONSTATE": 3, "VERSIONSTATUS": 4}
5 Cotswold Lane Mount Wellington Auckland City,{"x": 19461370.316834655, "y": -4426698.7826750185},{"OBJECTID": 60187, "NAME": null, "ZONE": 27, "VALIDATIONSTATE": 3, "VERSIONSTATUS": 4}
6 Cotswold Lane Mount Wellington Auckland City,{"x": 19461382.837296676, "y": -4426696.400639513},{"OBJECTID": 60187, "NAME": null, "ZONE": 27, "VALIDATIONSTATE": 3, "VERSIONSTATUS": 4}
9 Cotswold Lane Mount Wellington Auckland City,{"x": 19461450.461600434, "y": -4426695.058631787},{"OBJECTID": 60187, "NAME": null, "ZONE": 27, "VALIDATIONSTATE": 3, "VERSIONSTATUS": 4}
10 Cotswold Lane Mount Wellington Auckland City,{"x": 19461477.49300359, "y": -4426686.48589888},{"OBJECTID": 60187, "NAME": null, "ZONE": 27, "VALIDATIONSTATE": 3, "VERSIONSTATUS": 4}
13 Cotswold Lane Mount Wellington Auckland City,{"x": 19461487.634078138, "y": -4426680.356488819},{"OBJECTID": 60187, "NAME": null, "ZONE": 27, "VALIDATIONSTATE": 3, "VERSIONSTATUS": 4}
21 Cotswold Lane Mount Wellington Auckland City,{"x": 19461472.23919127, "y": -4426696.8583863815},{"OBJECTID": 60187, "NAME": null, "ZONE": 27, "VALIDATIONSTATE": 3, "VERSIONSTATUS": 4}
337 Ellerslie-Panmure Highway Mount Wellington Auckland City,{"x": 19461765.721475378, "y": -4424770.347057688},{"OBJECTID": 47983, "NAME": null, "ZONE": 27, "VALIDATIONSTATE": 3, "VERSIONSTATUS": 4}
373 Ellerslie-Panmure Highway Mount Wellington Auckland City,{"x": 19462297.042775504, "y": -4424731.987952984},{"OBJECTID": 118938, "NAME": null, "ZONE": 27, "VALIDATIONSTATE": 3, "VERSIONSTATUS": 4}
381 Ellerslie-Panmure Highway Mount Wellington Auckland City,{"x": 19462381.701248255, "y": -4424725.859670673},{"OBJECTID": 118938, "NAME": null, "ZONE": 27, "VALIDATIONSTATE": 3, "VERSIONSTATUS": 4}
387 Ellerslie-Panmure Highway Mount Wellington Auckland City,{"x": 19462456.48441859, "y": -4424719.02118289},{"OBJECTID": 118938, "NAME": null, "ZONE": 27, "VALIDATIONSTATE": 3, "VERSIONSTATUS": 4}
387A Ellerslie-Panmure Highway Mount Wellington Auckland City,{"x": 19462460.942080367, "y": -4424719.295101115},{"OBJECTID": 118938, "NAME": null, "ZONE": 27, "VALIDATIONSTATE": 3, "VERSIONSTATUS": 4}
389A Ellerslie-Panmure Highway Mount Wellington Auckland City,{"x": 19462495.648518845, "y": -4424709.087888869},{"OBJECTID": 118938, "NAME": null, "ZONE": 27, "VALIDATIONSTATE": 3, "VERSIONSTATUS": 4}
391 Ellerslie-Panmure Highway Mount Wellington Auckland City,{"x": 19462527.207594484, "y": -4424699.348584853},{"OBJECTID": 118938, "NAME": null, "ZONE": 27, "VALIDATIONSTATE": 3, "VERSIONSTATUS": 4}
405B Ellerslie-Panmure Highway Mount Wellington Auckland City,{"x": 19462760.114432413, "y": -4424653.757514957},{"OBJECTID": 54339, "NAME": null, "ZONE": 27, "VALIDATIONSTATE": 3, "VERSIONSTATUS": 4}
411 Ellerslie-Panmure Highway Mount Wellington Auckland City,{"x": 19462797.92449992, "y": -4424650.692843756},{"OBJECTID": 54339, "NAME": null, "ZONE": 27, "VALIDATIONSTATE": 3, "VERSIONSTATUS": 4}
417 Ellerslie-Panmure Highway Mount Wellington Auckland City,{"x": 19462825.977011602, "y": -4424649.587378082},{"OBJECTID": 54339, "NAME": null, "ZONE": 27, "VALIDATIONSTATE": 3, "VERSIONSTATUS": 4}
445 Ellerslie-Panmure Highway Mount Wellington Auckland City,{"x": 19463203.323127568, "y": -4424693.7948852},{"OBJECTID": 296562, "NAME": null, "ZONE": 27, "VALIDATIONSTATE": 3, "VERSIONSTATUS": 4}
447 Ellerslie-Panmure Highway Mount Wellington Auckland City,{"x": 19463221.356885076, "y": -4424698.941654296},{"OBJECTID": 111604, "NAME": null, "ZONE": 27, "VALIDATIONSTATE": 3, "VERSIONSTATUS": 4}
449 Ellerslie-Panmure Highway Mount Wellington Auckland City,{"x": 19463241.484208956, "y": -4424703.817138723},{"OBJECTID": 111604, "NAME": null, "ZONE": 27, "VALIDATIONSTATE": 3, "VERSIONSTATUS": 4}
451 Ellerslie-Panmure Highway Mount Wellington Auckland City,{"x": 19463257.841361567, "y": -4424708.6809579395},{"OBJECTID": 111604, "NAME": null, "ZONE": 27, "VALIDATIONSTATE": 3, "VERSIONSTATUS": 4}
453 Ellerslie-Panmure Highway Mount Wellington Auckland City,{"x": 19463276.994802114, "y": -4424713.827734246},{"OBJECTID": 119098, "NAME": null, "ZONE": 27, "VALIDATIONSTATE": 3, "VERSIONSTATUS": 4}
455 Ellerslie-Panmure Highway Mount Wellington Auckland City,{"x": 19463297.032310456, "y": -4424721.344437675},{"OBJECTID": 119098, "NAME": null, "ZONE": 27, "VALIDATIONSTATE": 3, "VERSIONSTATUS": 4}
5 Faber Avenue Mount Wellington Auckland City,{"x": 19461816.77947129, "y": -4424968.501725121},{"OBJECTID": 202253, "NAME": null, "ZONE": 27, "VALIDATIONSTATE": 3, "VERSIONSTATUS": 4}
14 Faber Avenue Mount Wellington Auckland City,{"x": 19461866.491705164, "y": -4424990.060861397},{"OBJECTID": 202253, "NAME": null, "ZONE": 27, "VALIDATIONSTATE": 3, "VERSIONSTATUS": 4}
3 Ferndale Road Mount Wellington Auckland City,{"x": 19462041.11272988, "y": -4424812.387016987},{"OBJECTID": 345985, "NAME": null, "ZONE": 27, "VALIDATIONSTATE": 3, "VERSIONSTATUS": 4}
8 Ferndale Road Mount Wellington Auckland City,{"x": 19462036.897360932, "y": -4424835.196822726},{"OBJECTID": 345985, "NAME": null, "ZONE": 27, "VALIDATIONSTATE": 3, "VERSIONSTATUS": 4}
24 Ferndale Road Mount Wellington Auckland City,{"x": 19461960.25358636, "y": -4424975.799705011},{"OBJECTID": 81843, "NAME": null, "ZONE": 27, "VALIDATIONSTATE": 3, "VERSIONSTATUS": 4}
31 Ferndale Road Mount Wellington Auckland City,{"x": 19461889.03800375, "y": -4425090.935804596},{"OBJECTID": 91134, "NAME": null, "ZONE": 27, "VALIDATIONSTATE": 3, "VERSIONSTATUS": 4}
37 Ferndale Road Mount Wellington Auckland City,{"x": 19461861.100585565, "y": -4425141.753252625},{"OBJECTID": 91134, "NAME": null, "ZONE": 27, "VALIDATIONSTATE": 3, "VERSIONSTATUS": 4}
39 Ferndale Road Mount Wellington Auckland City,{"x": 19461859.708963487, "y": -4425143.566376077},{"OBJECTID": 91134, "NAME": null, "ZONE": 27, "VALIDATIONSTATE": 3, "VERSIONSTATUS": 4}
51 Ferndale Road Mount Wellington Auckland City,{"x": 19461818.520880334, "y": -4425219.847858624},{"OBJECTID": 91134, "NAME": null, "ZONE": 27, "VALIDATIONSTATE": 3, "VERSIONSTATUS": 4}
59 Ferndale Road Mount Wellington Auckland City,{"x": 19461792.973057196, "y": -4425264.802988531},{"OBJECTID": 91134, "NAME": null, "ZONE": 27, "VALIDATIONSTATE": 3, "VERSIONSTATUS": 4}
86 Ferndale Road Mount Wellington Auckland City,{"x": 19461702.823258635, "y": -4425587.743715041},{"OBJECTID": 213052, "NAME": null, "ZONE": 27, "VALIDATIONSTATE": 3, "VERSIONSTATUS": 4}
11 Fitzgerald Road Mount Wellington Auckland City,{"x": 19462302.28586955, "y": -4425878.955635176},{"OBJECTID": 32838, "NAME": null, "ZONE": 27, "VALIDATIONSTATE": 3, "VERSIONSTATUS": 4}
13A Fitzgerald Road Mount Wellington Auckland City,{"x": 19462296.422376037, "y": -4425873.557836431},{"OBJECTID": 32838, "NAME": null, "ZONE": 27, "VALIDATIONSTATE": 3, "VERSIONSTATUS": 4}
20 Fitzgerald Road Mount Wellington Auckland City,{"x": 19462258.94890723, "y": -4425949.345509881},{"OBJECTID": 32838, "NAME": null, "ZONE": 27, "VALIDATIONSTATE": 3, "VERSIONSTATUS": 4}
22 Fitzgerald Road Mount Wellington Auckland City,{"x": 19462254.197869863, "y": -4425975.315722632},{"OBJECTID": 32838, "NAME": null, "ZONE": 27, "VALIDATIONSTATE": 3, "VERSIONSTATUS": 4}
5 Gunson Road Mount Wellington Auckland City,{"x": 19461964.012384165, "y": -4426372.8557623215},{"OBJECTID": 32863, "NAME": null, "ZONE": 27, "VALIDATIONSTATE": 3, "VERSIONSTATUS": 4}
10 Gunson Road Mount Wellington Auckland City,{"x": 19461928.881551784, "y": -4426381.471753828},{"OBJECTID": 32863, "NAME": null, "ZONE": 27, "VALIDATIONSTATE": 3, "VERSIONSTATUS": 4}
14 Gunson Road Mount Wellington Auckland City,{"x": 19461872.30021347, "y": -4426375.125246243},{"OBJECTID": 32863, "NAME": null, "ZONE": 27, "VALIDATIONSTATE": 3, "VERSIONSTATUS": 4}
15 Gunson Road Mount Wellington Auckland City,{"x": 19461864.822898887, "y": -4426354.6166970525},{"OBJECTID": 32863, "NAME": null, "ZONE": 27, "VALIDATIONSTATE": 3, "VERSIONSTATUS": 4}
1 Hamlin Road Mount Wellington Auckland City,{"x": 19462848.67319542, "y": -4426824.215200536},{"OBJECTID": 58782, "NAME": null, "ZONE": 27, "VALIDATIONSTATE": 3, "VERSIONSTATUS": 4}
7 Hamlin Road Mount Wellington Auckland City,{"x": 19462807.4878264, "y": -4426828.251283867},{"OBJECTID": 58782, "NAME": null, "ZONE": 27, "VALIDATIONSTATE": 3, "VERSIONSTATUS": 4}
9 Hamlin Road Mount Wellington Auckland City,{"x": 19462786.448442634, "y": -4426829.368646088},{"OBJECTID": 58782, "NAME": null, "ZONE": 27, "VALIDATIONSTATE": 3, "VERSIONSTATUS": 4}
14 Hamlin Road Mount Wellington Auckland City,{"x": 19462697.395846743, "y": -4426838.536348244},{"OBJECTID": 58782, "NAME": null, "ZONE": 27, "VALIDATIONSTATE": 3, "VERSIONSTATUS": 4}
42 Hamlin Road Mount Wellington Auckland City,{"x": 19462500.946880817, "y": -4426664.695571038},{"OBJECTID": 55427, "NAME": null, "ZONE": 27, "VALIDATIONSTATE": 3, "VERSIONSTATUS": 4}
60 Hamlin Road Mount Wellington Auckland City,{"x": 19462397.30565654, "y": -4426572.114664244},{"OBJECTID": 55427, "NAME": null, "ZONE": 27, "VALIDATIONSTATE": 3, "VERSIONSTATUS": 4}
34 Harwood Road Mount Wellington Auckland City,{"x": 19462063.624525726, "y": -4425230.13159459},{"OBJECTID": 303058, "NAME": "", "ZONE": 18, "VALIDATIONSTATE": 3, "VERSIONSTATUS": 4}
2 Higgs Road Mount Wellington Auckland City,{"x": 19462633.39660835, "y": -4425449.931533222},{"OBJECTID": 201013, "NAME": null, "ZONE": 27, "VALIDATIONSTATE": 3, "VERSIONSTATUS": 4}
11 Higgs Road Mount Wellington Auckland City,{"x": 19462678.66978079, "y": -4425379.257553021},{"OBJECTID": 201013, "NAME": null, "ZONE": 27, "VALIDATIONSTATE": 3, "VERSIONSTATUS": 4}
21 Higgs Road Mount Wellington Auckland City,{"x": 19462745.5650861, "y": -4425292.11471154},{"OBJECTID": 201013, "NAME": null, "ZONE": 27, "VALIDATIONSTATE": 3, "VERSIONSTATUS": 4}
24 Higgs Road Mount Wellington Auckland City,{"x": 19462725.278424233, "y": -4425301.496165608},{"OBJECTID": 201013, "NAME": null, "ZONE": 27, "VALIDATIONSTATE": 3, "VERSIONSTATUS": 4}
27 Higgs Road Mount Wellington Auckland City,{"x": 19462769.33830156, "y": -4425240.653143478},{"OBJECTID": 201013, "NAME": null, "ZONE": 27, "VALIDATIONSTATE": 3, "VERSIONSTATUS": 4}
28 Higgs Road Mount Wellington Auckland City,{"x": 19462742.261937693, "y": -4425284.374862392},{"OBJECTID": 201013, "NAME": null, "ZONE": 27, "VALIDATIONSTATE": 3, "VERSIONSTATUS": 4}
30 Higgs Road Mount Wellington Auckland City,{"x": 19462758.61421135, "y": -4425251.750879323},{"OBJECTID": 201013, "NAME": null, "ZONE": 27, "VALIDATIONSTATE": 3, "VERSIONSTATUS": 4}
4 Hillside Road Mount Wellington Auckland City,{"x": 19463548.59050776, "y": -4429512.341922462},{"OBJECTID": 18441, "NAME": null, "ZONE": 27, "VALIDATIONSTATE": 3, "VERSIONSTATUS": 4}
6 Hillside Road Mount Wellington Auckland City,{"x": 19463578.930754144, "y": -4429507.472888983},{"OBJECTID": 18441, "NAME": null, "ZONE": 27, "VALIDATIONSTATE": 3, "VERSIONSTATUS": 4}
10 Hillside Road Mount Wellington Auckland City,{"x": 19463625.51796104, "y": -4429497.446100891},{"OBJECTID": 18441, "NAME": null, "ZONE": 27, "VALIDATIONSTATE": 3, "VERSIONSTATUS": 4}
12 Hillside Road Mount Wellington Auckland City,{"x": 19463644.553593963, "y": -4429492.568415154},{"OBJECTID": 18441, "NAME": null, "ZONE": 27, "VALIDATIONSTATE": 3, "VERSIONSTATUS": 4}
14 Hillside Road Mount Wellington Auckland City,{"x": 19463662.086413763, "y": -4429488.808373789},{"OBJECTID": 18441, "NAME": null, "ZONE": 27, "VALIDATIONSTATE": 3, "VERSIONSTATUS": 4}
16 Hillside Road Mount Wellington Auckland City,{"x": 19463681.12204669, "y": -4429485.048333756},{"OBJECTID": 18441, "NAME": null, "ZONE": 27, "VALIDATIONSTATE": 3, "VERSIONSTATUS": 4}
18 Hillside Road Mount Wellington Auckland City,{"x": 19463700.157679617, "y": -4429479.899244516},{"OBJECTID": 18441, "NAME": null, "ZONE": 27, "VALIDATIONSTATE": 3, "VERSIONSTATUS": 4}
20 Hillside Road Mount Wellington Auckland City,{"x": 19463718.191437125, "y": -4429477.528257684},{"OBJECTID": 18441, "NAME": null, "ZONE": 27, "VALIDATIONSTATE": 3, "VERSIONSTATUS": 4}
22 Hillside Road Mount Wellington Auckland City,{"x": 19463736.72613234, "y": -4429473.768221647},{"OBJECTID": 18441, "NAME": null, "ZONE": 27, "VALIDATIONSTATE": 3, "VERSIONSTATUS": 4}
24 Hillside Road Mount Wellington Auckland City,{"x": 19463754.713236388, "y": -4429468.7548423335},{"OBJECTID": 18441, "NAME": null, "ZONE": 27, "VALIDATIONSTATE": 3, "VERSIONSTATUS": 4}
26 Hillside Road Mount Wellington Auckland City,{"x": 19463774.769406117, "y": -4429463.605760998},{"OBJECTID": 18441, "NAME": null, "ZONE": 27, "VALIDATIONSTATE": 3, "VERSIONSTATUS": 4}
31 Hillside Road Mount Wellington Auckland City,{"x": 19463886.06802572, "y": -4429494.565649601},{"OBJECTID": 18441, "NAME": null, "ZONE": 27, "VALIDATIONSTATE": 3, "VERSIONSTATUS": 4}
32 Hillside Road Mount Wellington Auckland City,{"x": 19463795.80878988, "y": -4429459.845729892},{"OBJECTID": 18441, "NAME": null, "ZONE": 27, "VALIDATIONSTATE": 3, "VERSIONSTATUS": 4}
34 Hillside Road Mount Wellington Auckland City,{"x": 19463819.35286218, "y": -4429453.579014341},{"OBJECTID": 18441, "NAME": null, "ZONE": 27, "VALIDATIONSTATE": 3, "VERSIONSTATUS": 4}
35 Hillside Road Mount Wellington Auckland City,{"x": 19463980.742210917, "y": -4429490.683005952},{"OBJECTID": 324921, "NAME": null, "ZONE": 27, "VALIDATIONSTATE": 3, "VERSIONSTATUS": 4}
36 Hillside Road Mount Wellington Auckland City,{"x": 19463837.468247987, "y": -4429452.573734844},{"OBJECTID": 18441, "NAME": null, "ZONE": 27, "VALIDATIONSTATE": 3, "VERSIONSTATUS": 4}
38 Hillside Road Mount Wellington Auckland City,{"x": 19463848.489959992, "y": -4429455.061442757},{"OBJECTID": 18441, "NAME": null, "ZONE": 27, "VALIDATIONSTATE": 3, "VERSIONSTATUS": 4}
41 Hillside Road Mount Wellington Auckland City,{"x": 19464069.93711512, "y": -4429470.765175436},{"OBJECTID": 324921, "NAME": null, "ZONE": 27, "VALIDATIONSTATE": 3, "VERSIONSTATUS": 4}
42 Hillside Road Mount Wellington Auckland City,{"x": 19463883.97078487, "y": -4429482.283335031},{"OBJECTID": 18441, "NAME": null, "ZONE": 27, "VALIDATIONSTATE": 3, "VERSIONSTATUS": 4}
46 Hillside Road Mount Wellington Auckland City,{"x": 19463935.026310783, "y": -4429494.927732638},{"OBJECTID": 85080, "NAME": null, "ZONE": 27, "VALIDATIONSTATE": 3, "VERSIONSTATUS": 4}
50 Hillside Road Mount Wellington Auckland City,{"x": 19463988.66980768, "y": -4429482.405936509},{"OBJECTID": 324921, "NAME": null, "ZONE": 27, "VALIDATIONSTATE": 3, "VERSIONSTATUS": 4}
52 Hillside Road Mount Wellington Auckland City,{"x": 19464005.200752057, "y": -4429477.392553117},{"OBJECTID": 324921, "NAME": null, "ZONE": 27, "VALIDATIONSTATE": 3, "VERSIONSTATUS": 4}
53 Hillside Road Mount Wellington Auckland City,{"x": 19464121.822828487, "y": -4429363.356114929},{"OBJECTID": 324921, "NAME": null, "ZONE": 27, "VALIDATIONSTATE": 3, "VERSIONSTATUS": 4}
54 Hillside Road Mount Wellington Auckland City,{"x": 19464025.2382604, "y": -4429473.632517127},{"OBJECTID": 324921, "NAME": null, "ZONE": 27, "VALIDATIONSTATE": 3, "VERSIONSTATUS": 4}
55 Hillside Road Mount Wellington Auckland City,{"x": 19464118.31626452, "y": -4429342.04949082},{"OBJECTID": 324921, "NAME": null, "ZONE": 27, "VALIDATIONSTATE": 3, "VERSIONSTATUS": 4}
56 Hillside Road Mount Wellington Auckland City,{"x": 19464042.743088126, "y": -4429468.766515013},{"OBJECTID": 324921, "NAME": null, "ZONE": 27, "VALIDATIONSTATE": 3, "VERSIONSTATUS": 4}
57 Hillside Road Mount Wellington Auckland City,{"x": 19464116.312513687, "y": -4429319.489582493},{"OBJECTID": 324921, "NAME": null, "ZONE": 27, "VALIDATIONSTATE": 3, "VERSIONSTATUS": 4}
61 Hillside Road Mount Wellington Auckland City,{"x": 19464110.527545728, "y": -4429271.7275648685},{"OBJECTID": 324921, "NAME": null, "ZONE": 27, "VALIDATIONSTATE": 3, "VERSIONSTATUS": 4}
65 Hillside Road Mount Wellington Auckland City,{"x": 19464103.849179268, "y": -4429216.581572247},{"OBJECTID": 324921, "NAME": null, "ZONE": 27, "VALIDATIONSTATE": 3, "VERSIONSTATUS": 4}
70 Hillside Road Mount Wellington Auckland City,{"x": 19464106.396374695, "y": -4429304.888781256},{"OBJECTID": 324921, "NAME": null, "ZONE": 27, "VALIDATIONSTATE": 3, "VERSIONSTATUS": 4}
112 Hillside Road Mount Wellington Auckland City,{"x": 19464005.9810388, "y": -4428904.741212056},{"OBJECTID": 86072, "NAME": null, "ZONE": 27, "VALIDATIONSTATE": 3, "VERSIONSTATUS": 4}
3A Hotunui Drive Mount Wellington Auckland City,{"x": 19464213.458715733, "y": -4428439.859000577},{"OBJECTID": 77900, "NAME": null, "ZONE": 27, "VALIDATIONSTATE": 3, "VERSIONSTATUS": 4}
3B Hotunui Drive Mount Wellington Auckland City,{"x": 19464213.458715733, "y": -4428439.859000577},{"OBJECTID": 77900, "NAME": null, "ZONE": 27, "VALIDATIONSTATE": 3, "VERSIONSTATUS": 4}
5 Jarman Road Mount Wellington Auckland City,{"x": 19462788.170046844, "y": -4426109.26513555},{"OBJECTID": 102692, "NAME": null, "ZONE": 27, "VALIDATIONSTATE": 3, "VERSIONSTATUS": 4}
6 Jarman Road Mount Wellington Auckland City,{"x": 19462793.04563046, "y": -4426114.359965554},{"OBJECTID": 102692, "NAME": null, "ZONE": 27, "VALIDATIONSTATE": 3, "VERSIONSTATUS": 4}
14A Jarman Road Mount Wellington Auckland City,{"x": 19462821.905810636, "y": -4426061.966313436},{"OBJECTID": 102692, "NAME": null, "ZONE": 27, "VALIDATIONSTATE": 3, "VERSIONSTATUS": 4}
15 Jarman Road Mount Wellington Auckland City,{"x": 19462811.63306258, "y": -4426062.687385466},{"OBJECTID": 102692, "NAME": null, "ZONE": 27, "VALIDATIONSTATE": 3, "VERSIONSTATUS": 4}
16 Jarman Road Mount Wellington Auckland City,{"x": 19462820.73836929, "y": -4426065.996845082},{"OBJECTID": 102692, "NAME": null, "ZONE": 27, "VALIDATIONSTATE": 3, "VERSIONSTATUS": 4}
8 Johnston Road Mount Wellington Auckland City,{"x": 19462128.90447788, "y": -4427201.390293906},{"OBJECTID": 59899, "NAME": null, "ZONE": 27, "VALIDATIONSTATE": 3, "VERSIONSTATUS": 4}
9 Johnston Road Mount Wellington Auckland City,{"x": 19462143.26308622, "y": -4427199.155491295},{"OBJECTID": 59899, "NAME": null, "ZONE": 27, "VALIDATIONSTATE": 3, "VERSIONSTATUS": 4}
11 Johnston Road Mount Wellington Auckland City,{"x": 19462186.343729153, "y": -4427197.348042827},{"OBJECTID": 59899, "NAME": null, "ZONE": 27, "VALIDATIONSTATE": 3, "VERSIONSTATUS": 4}
4 Jolson Road Mount Wellington Auckland City,{"x": 19464814.348067984, "y": -4428757.407113738},{"OBJECTID": 17695, "NAME": null, "ZONE": 27, "VALIDATIONSTATE": 3, "VERSIONSTATUS": 4}
40 Jolson Road Mount Wellington Auckland City,{"x": 19465187.90414682, "y": -4428685.408394663},{"OBJECTID": 126235, "NAME": null, "ZONE": 27, "VALIDATIONSTATE": 3, "VERSIONSTATUS": 4}
42 Jolson Road Mount Wellington Auckland City,{"x": 19465206.051016085, "y": -4428685.296043861},{"OBJECTID": 126235, "NAME": null, "ZONE": 27, "VALIDATIONSTATE": 3, "VERSIONSTATUS": 4}
2 Kealy Road Mount Wellington Auckland City,{"x": 19465058.93103187, "y": -4428937.374760054},{"OBJECTID": 118468, "NAME": null, "ZONE": 27, "VALIDATIONSTATE": 3, "VERSIONSTATUS": 4}
6 Kealy Road Mount Wellington Auckland City,{"x": 19465123.283182412, "y": -4428966.692016616},{"OBJECTID": 118468, "NAME": null, "ZONE": 27, "VALIDATIONSTATE": 3, "VERSIONSTATUS": 4}
11 Kealy Road Mount Wellington Auckland City,{"x": 19465127.900098715, "y": -4428974.770333972},{"OBJECTID": 118468, "NAME": null, "ZONE": 27, "VALIDATIONSTATE": 3, "VERSIONSTATUS": 4}
12 Kealy Road Mount Wellington Auckland City,{"x": 19465152.753387544, "y": -4428962.9555057585},{"OBJECTID": 118468, "NAME": null, "ZONE": 27, "VALIDATIONSTATE": 3, "VERSIONSTATUS": 4}
15 Kealy Road Mount Wellington Auckland City,{"x": 19465172.568674456, "y": -4428967.2272751145},{"OBJECTID": 118468, "NAME": null, "ZONE": 27, "VALIDATIONSTATE": 3, "VERSIONSTATUS": 4}
1 Keate Place Mount Wellington Auckland City,{"x": 19462452.11003925, "y": -4427081.253023968},{"OBJECTID": 125574, "NAME": null, "ZONE": 27, "VALIDATIONSTATE": 3, "VERSIONSTATUS": 4}
2 Kotahi Road Mount Wellington Auckland City,{"x": 19464026.417357937, "y": -4429607.52801348},{"OBJECTID": 38289, "NAME": null, "ZONE": 27, "VALIDATIONSTATE": 3, "VERSIONSTATUS": 4}
3 Kotahi Road Mount Wellington Auckland City,{"x": 19464044.952053152, "y": -4429603.620552384},{"OBJECTID": 38289, "NAME": null, "ZONE": 27, "VALIDATIONSTATE": 3, "VERSIONSTATUS": 4}
4 Kotahi Road Mount Wellington Auckland City,{"x": 19464067.494250037, "y": -4429600.007850638},{"OBJECTID": 38289, "NAME": null, "ZONE": 27, "VALIDATIONSTATE": 3, "VERSIONSTATUS": 4}
5 Kotahi Road Mount Wellington Auckland City,{"x": 19464086.45872881, "y": -4429593.59367347},{"OBJECTID": 38289, "NAME": null, "ZONE": 27, "VALIDATIONSTATE": 3, "VERSIONSTATUS": 4}
6 Kotahi Road Mount Wellington Auckland City,{"x": 19464108.60846491, "y": -4429589.9693023255},{"OBJECTID": 38289, "NAME": null, "ZONE": 27, "VALIDATIONSTATE": 3, "VERSIONSTATUS": 4}
7 Kotahi Road Mount Wellington Auckland City,{"x": 19464128.53749633, "y": -4429584.684456254},{"OBJECTID": 38289, "NAME": null, "ZONE": 27, "VALIDATIONSTATE": 3, "VERSIONSTATUS": 4}
8 Kotahi Road Mount Wellington Auckland City,{"x": 19464151.18817014, "y": -4429579.942436306},{"OBJECTID": 38289, "NAME": null, "ZONE": 27, "VALIDATIONSTATE": 3, "VERSIONSTATUS": 4}
9 Kotahi Road Mount Wellington Auckland City,{"x": 19464171.117201556, "y": -4429575.910952337},{"OBJECTID": 38289, "NAME": null, "ZONE": 27, "VALIDATIONSTATE": 3, "VERSIONSTATUS": 4}
10 Kotahi Road Mount Wellington Auckland City,{"x": 19464185.73884547, "y": -4429569.550785935},{"OBJECTID": 38289, "NAME": null, "ZONE": 27, "VALIDATIONSTATE": 3, "VERSIONSTATUS": 4}
11 Kotahi Road Mount Wellington Auckland City,{"x": 19464198.310656823, "y": -4429566.073801484},{"OBJECTID": 38289, "NAME": null, "ZONE": 27, "VALIDATIONSTATE": 3, "VERSIONSTATUS": 4}
13 Kotahi Road Mount Wellington Auckland City,{"x": 19464197.92511776, "y": -4429565.637693303},{"OBJECTID": 38289, "NAME": null, "ZONE": 27, "VALIDATIONSTATE": 3, "VERSIONSTATUS": 4}
4 Lavas Place Mount Wellington Auckland City,{"x": 19462087.983165815, "y": -4425880.520752077},{"OBJECTID": 93358, "NAME": null, "ZONE": 27, "VALIDATIONSTATE": 3, "VERSIONSTATUS": 4}
4 Lavas Place Mount Wellington Auckland City,{"x": 19462087.983165815, "y": -4425880.520752077},{"OBJECTID": 93358, "NAME": null, "ZONE": 27, "VALIDATIONSTATE": 3, "VERSIONSTATUS": 4}
12 Lavas Place Mount Wellington Auckland City,{"x": 19462141.70073653, "y": -4425928.773489995},{"OBJECTID": 274914, "NAME": "", "ZONE": 18, "VALIDATIONSTATE": 3, "VERSIONSTATUS": 4}
14 Lavas Place Mount Wellington Auckland City,{"x": 19462133.955873597, "y": -4425921.683234461},{"OBJECTID": 93358, "NAME": null, "ZONE": 27, "VALIDATIONSTATE": 3, "VERSIONSTATUS": 4}
16 Lavas Place Mount Wellington Auckland City,{"x": 19462101.77805263, "y": -4425898.01332749},{"OBJECTID": 93358, "NAME": null, "ZONE": 27, "VALIDATIONSTATE": 3, "VERSIONSTATUS": 4}
20 Lavas Place Mount Wellington Auckland City,{"x": 19462033.092397925, "y": -4425860.907053734},{"OBJECTID": 93358, "NAME": null, "ZONE": 27, "VALIDATIONSTATE": 3, "VERSIONSTATUS": 4}
5 Leon Leicester Avenue Mount Wellington Auckland City,{"x": 19461102.791414484, "y": -4425816.4074914735},{"OBJECTID": 28853, "NAME": null, "ZONE": 27, "VALIDATIONSTATE": 3, "VERSIONSTATUS": 4}
8 Leonard Road Mount Wellington Auckland City,{"x": 19461840.235504266, "y": -4425748.537254334},{"OBJECTID": 208514, "NAME": null, "ZONE": 27, "VALIDATIONSTATE": 3, "VERSIONSTATUS": 4}
11 Leonard Road Mount Wellington Auckland City,{"x": 19461818.753392816, "y": -4425731.780121507},{"OBJECTID": 208514, "NAME": null, "ZONE": 27, "VALIDATIONSTATE": 3, "VERSIONSTATUS": 4}
45 Leonard Road Mount Wellington Auckland City,{"x": 19461459.5414461, "y": -4425779.809202513},{"OBJECTID": 97276, "NAME": null, "ZONE": 27, "VALIDATIONSTATE": 3, "VERSIONSTATUS": 4}
47 Leonard Road Mount Wellington Auckland City,{"x": 19461440.433515575, "y": -4425782.067043736},{"OBJECTID": 114326, "NAME": null, "ZONE": 27, "VALIDATIONSTATE": 3, "VERSIONSTATUS": 4}
49 Leonard Road Mount Wellington Auckland City,{"x": 19461420.287530307, "y": -4425786.807367903},{"OBJECTID": 114326, "NAME": null, "ZONE": 27, "VALIDATIONSTATE": 3, "VERSIONSTATUS": 4}
57 Leonard Road Mount Wellington Auckland City,{"x": 19461332.19364775, "y": -4425810.748342481},{"OBJECTID": 306795, "NAME": null, "ZONE": 27, "VALIDATIONSTATE": 3, "VERSIONSTATUS": 4}
59 Leonard Road Mount Wellington Auckland City,{"x": 19461312.156139407, "y": -4425815.907321444},{"OBJECTID": 43169, "NAME": null, "ZONE": 27, "VALIDATIONSTATE": 3, "VERSIONSTATUS": 4}
65 Leonard Road Mount Wellington Auckland City,{"x": 19461244.52954875, "y": -4425833.300797437},{"OBJECTID": 43169, "NAME": null, "ZONE": 27, "VALIDATIONSTATE": 3, "VERSIONSTATUS": 4}
67 Leonard Road Mount Wellington Auckland City,{"x": 19461224.099579625, "y": -4425839.712703529},{"OBJECTID": 43169, "NAME": null, "ZONE": 27, "VALIDATIONSTATE": 3, "VERSIONSTATUS": 4}
69 Leonard Road Mount Wellington Auckland City,{"x": 19461200.947968107, "y": -4425845.97728663},{"OBJECTID": 43169, "NAME": null, "ZONE": 27, "VALIDATIONSTATE": 3, "VERSIONSTATUS": 4}
71 Leonard Road Mount Wellington Auckland City,{"x": 19461178.40577122, "y": -4425852.241873426},{"OBJECTID": 43169, "NAME": null, "ZONE": 27, "VALIDATIONSTATE": 3, "VERSIONSTATUS": 4}
77 Leonard Road Mount Wellington Auckland City,{"x": 19461119.440100256, "y": -4425862.161456052},{"OBJECTID": 83492, "NAME": null, "ZONE": 27, "VALIDATIONSTATE": 3, "VERSIONSTATUS": 4}
80 Leonard Road Mount Wellington Auckland City,{"x": 19461139.513221383, "y": -4425941.72585449},{"OBJECTID": 55817, "NAME": null, "ZONE": 27, "VALIDATIONSTATE": 3, "VERSIONSTATUS": 4}
28 Malone Road Mount Wellington Auckland City,{"x": 19463116.28418493, "y": -4425372.15599611},{"OBJECTID": 22048, "NAME": null, "ZONE": 27, "VALIDATIONSTATE": 3, "VERSIONSTATUS": 4}
36 Malone Road Mount Wellington Auckland City,{"x": 19463088.71121301, "y": -4425359.509433583},{"OBJECTID": 25462, "NAME": null, "ZONE": 27, "VALIDATIONSTATE": 3, "VERSIONSTATUS": 4}
3 Mataroa Road Mount Wellington Auckland City,{"x": 19464391.238132913, "y": -4429232.461774265},{"OBJECTID": 94404, "NAME": null, "ZONE": 27, "VALIDATIONSTATE": 3, "VERSIONSTATUS": 4}
7 Mataroa Road Mount Wellington Auckland City,{"x": 19464400.14653475, "y": -4429275.210327318},{"OBJECTID": 94404, "NAME": null, "ZONE": 27, "VALIDATIONSTATE": 3, "VERSIONSTATUS": 4}
8 Mataroa Road Mount Wellington Auckland City,{"x": 19464404.102359496, "y": -4429324.520361919},{"OBJECTID": 94404, "NAME": null, "ZONE": 27, "VALIDATIONSTATE": 3, "VERSIONSTATUS": 4}
10 Mataroa Road Mount Wellington Auckland City,{"x": 19464408.610798877, "y": -4429344.573620901},{"OBJECTID": 94404, "NAME": null, "ZONE": 27, "VALIDATIONSTATE": 3, "VERSIONSTATUS": 4}
13 Mataroa Road Mount Wellington Auckland City,{"x": 19464411.27564126, "y": -4429322.700955433},{"OBJECTID": 94404, "NAME": null, "ZONE": 27, "VALIDATIONSTATE": 3, "VERSIONSTATUS": 4}
16 Mataroa Road Mount Wellington Auckland City,{"x": 19464414.02780675, "y": -4429371.820081778},{"OBJECTID": 94404, "NAME": null, "ZONE": 27, "VALIDATIONSTATE": 3, "VERSIONSTATUS": 4}
21 Mataroa Road Mount Wellington Auckland City,{"x": 19464428.191575408, "y": -4429408.896456451},{"OBJECTID": 102532, "NAME": null, "ZONE": 27, "VALIDATIONSTATE": 3, "VERSIONSTATUS": 4}
23 Mataroa Road Mount Wellington Auckland City,{"x": 19464428.189471606, "y": -4429409.595306564},{"OBJECTID": 102532, "NAME": null, "ZONE": 27, "VALIDATIONSTATE": 3, "VERSIONSTATUS": 4}
28 Mataroa Road Mount Wellington Auckland City,{"x": 19464363.103276707, "y": -4429491.792371063},{"OBJECTID": 102532, "NAME": null, "ZONE": 27, "VALIDATIONSTATE": 3, "VERSIONSTATUS": 4}
32 Mataroa Road Mount Wellington Auckland City,{"x": 19464351.747885663, "y": -4429506.413761201},{"OBJECTID": 102532, "NAME": null, "ZONE": 27, "VALIDATIONSTATE": 3, "VERSIONSTATUS": 4}
39 Mataroa Road Mount Wellington Auckland City,{"x": 19464338.26879377, "y": -4429534.5065684505},{"OBJECTID": 102532, "NAME": null, "ZONE": 27, "VALIDATIONSTATE": 3, "VERSIONSTATUS": 4}
41 Mataroa Road Mount Wellington Auckland City,{"x": 19464331.448690727, "y": -4429563.066743168},{"OBJECTID": 102532, "NAME": null, "ZONE": 27, "VALIDATIONSTATE": 3, "VERSIONSTATUS": 4}
55 Mataroa Road Mount Wellington Auckland City,{"x": 19464370.531612344, "y": -4429690.905194265},{"OBJECTID": 102532, "NAME": null, "ZONE": 27, "VALIDATIONSTATE": 3, "VERSIONSTATUS": 4}
57 Mataroa Road Mount Wellington Auckland City,{"x": 19464370.529203378, "y": -4429690.624738661},{"OBJECTID": 102532, "NAME": null, "ZONE": 27, "VALIDATIONSTATE": 3, "VERSIONSTATUS": 4}
16 Mccracken Road Mount Wellington Auckland City,{"x": 19462605.346383568, "y": -4425491.042813927},{"OBJECTID": 121398, "NAME": null, "ZONE": 27, "VALIDATIONSTATE": 3, "VERSIONSTATUS": 4}
17 Mccracken Road Mount Wellington Auckland City,{"x": 19462622.959688216, "y": -4425498.412745285},{"OBJECTID": 121398, "NAME": null, "ZONE": 27, "VALIDATIONSTATE": 3, "VERSIONSTATUS": 4}
21 Mccracken Road Mount Wellington Auckland City,{"x": 19462670.04783282, "y": -4425521.1001911145},{"OBJECTID": 71042, "NAME": null, "ZONE": 27, "VALIDATIONSTATE": 3, "VERSIONSTATUS": 4}
23 Mccracken Road Mount Wellington Auckland City,{"x": 19462693.090967417, "y": -4425533.628985193},{"OBJECTID": 71042, "NAME": null, "ZONE": 27, "VALIDATIONSTATE": 3, "VERSIONSTATUS": 4}
3 Mcrae Road Mount Wellington Auckland City,{"x": 19462688.934685368, "y": -4426373.13876139},{"OBJECTID": 205961, "NAME": null, "ZONE": 27, "VALIDATIONSTATE": 3, "VERSIONSTATUS": 4}
4 Mcrae Road Mount Wellington Auckland City,{"x": 19462680.719102673, "y": -4426378.402808095},{"OBJECTID": 205961, "NAME": null, "ZONE": 27, "VALIDATIONSTATE": 3, "VERSIONSTATUS": 4}
5 Mcrae Road Mount Wellington Auckland City,{"x": 19462659.26155295, "y": -4426368.274179969},{"OBJECTID": 205961, "NAME": null, "ZONE": 27, "VALIDATIONSTATE": 3, "VERSIONSTATUS": 4}
11 Mcrae Road Mount Wellington Auckland City,{"x": 19462593.807809032, "y": -4426359.154685519},{"OBJECTID": 205961, "NAME": null, "ZONE": 27, "VALIDATIONSTATE": 3, "VERSIONSTATUS": 4}
31 Mcrae Road Mount Wellington Auckland City,{"x": 19462435.01233162, "y": -4426314.384567463},{"OBJECTID": 205961, "NAME": null, "ZONE": 27, "VALIDATIONSTATE": 3, "VERSIONSTATUS": 4}
43 Mcrae Road Mount Wellington Auckland City,{"x": 19462388.61598476, "y": -4426349.1001523705},{"OBJECTID": 205961, "NAME": null, "ZONE": 27, "VALIDATIONSTATE": 3, "VERSIONSTATUS": 4}
8 Meadow Street Mount Wellington Auckland City,{"x": 19463530.61197959, "y": -4429826.853982483},{"OBJECTID": 65897, "NAME": null, "ZONE": 27, "VALIDATIONSTATE": 3, "VERSIONSTATUS": 4}
10 Meadow Street Mount Wellington Auckland City,{"x": 19463535.228895884, "y": -4429849.414969133},{"OBJECTID": 65897, "NAME": null, "ZONE": 27, "VALIDATIONSTATE": 3, "VERSIONSTATUS": 4}
11A Meadow Street Mount Wellington Auckland City,{"x": 19463552.276375204, "y": -4430008.155903232},{"OBJECTID": 45451, "NAME": null, "ZONE": 27, "VALIDATIONSTATE": 3, "VERSIONSTATUS": 4}
15 Meadow Street Mount Wellington Auckland City,{"x": 19463554.450815056, "y": -4430028.516896875},{"OBJECTID": 69456, "NAME": null, "ZONE": 27, "VALIDATIONSTATE": 3, "VERSIONSTATUS": 4}
19 Meadow Street Mount Wellington Auckland City,{"x": 19463560.963005267, "y": -4430073.639775415},{"OBJECTID": 43631, "NAME": null, "ZONE": 27, "VALIDATIONSTATE": 3, "VERSIONSTATUS": 4}
21 Meadow Street Mount Wellington Auckland City,{"x": 19463564.46956923, "y": -4430093.694449673},{"OBJECTID": 43631, "NAME": null, "ZONE": 27, "VALIDATIONSTATE": 3, "VERSIONSTATUS": 4}
23 Meadow Street Mount Wellington Auckland City,{"x": 19463566.865780845, "y": -4430113.749161825},{"OBJECTID": 43631, "NAME": null, "ZONE": 27, "VALIDATIONSTATE": 3, "VERSIONSTATUS": 4}
25 Meadow Street Mount Wellington Auckland City,{"x": 19463569.97988402, "y": -4430132.55048888},{"OBJECTID": 43631, "NAME": null, "ZONE": 27, "VALIDATIONSTATE": 3, "VERSIONSTATUS": 4}
27 Meadow Street Mount Wellington Auckland City,{"x": 19463572.376095638, "y": -4430148.007373542},{"OBJECTID": 43631, "NAME": null, "ZONE": 27, "VALIDATIONSTATE": 3, "VERSIONSTATUS": 4}
7 Melton Road Mount Wellington Auckland City,{"x": 19461567.578508694, "y": -4426847.90440933},{"OBJECTID": 87674, "NAME": null, "ZONE": 27, "VALIDATIONSTATE": 3, "VERSIONSTATUS": 4}
8 Melton Road Mount Wellington Auckland City,{"x": 19461571.925978377, "y": -4426830.2335635545},{"OBJECTID": 87674, "NAME": null, "ZONE": 27, "VALIDATIONSTATE": 3, "VERSIONSTATUS": 4}
9 Melton Road Mount Wellington Auckland City,{"x": 19461577.378593843, "y": -4426807.678991583},{"OBJECTID": 87674, "NAME": null, "ZONE": 27, "VALIDATIONSTATE": 3, "VERSIONSTATUS": 4}
10 Melton Road Mount Wellington Auckland City,{"x": 19461581.549413137, "y": -4426780.981713951},{"OBJECTID": 87674, "NAME": null, "ZONE": 27, "VALIDATIONSTATE": 3, "VERSIONSTATUS": 4}
11 Melton Road Mount Wellington Auckland City,{"x": 19461581.77328871, "y": -4426767.888442032},{"OBJECTID": 87674, "NAME": null, "ZONE": 27, "VALIDATIONSTATE": 3, "VERSIONSTATUS": 4}
16 Melton Road Mount Wellington Auckland City,{"x": 19461588.93419806, "y": -4426798.694790145},{"OBJECTID": 87674, "NAME": null, "ZONE": 27, "VALIDATIONSTATE": 3, "VERSIONSTATUS": 4}
17 Melton Road Mount Wellington Auckland City,{"x": 19461584.811297745, "y": -4426811.923770546},{"OBJECTID": 87674, "NAME": null, "ZONE": 27, "VALIDATIONSTATE": 3, "VERSIONSTATUS": 4}
18 Melton Road Mount Wellington Auckland City,{"x": 19461577.854153972, "y": -4426835.603017565},{"OBJECTID": 87674, "NAME": null, "ZONE": 27, "VALIDATIONSTATE": 3, "VERSIONSTATUS": 4}
19 Melton Road Mount Wellington Auckland City,{"x": 19461574.051927526, "y": -4426865.172637598},{"OBJECTID": 87674, "NAME": null, "ZONE": 27, "VALIDATIONSTATE": 3, "VERSIONSTATUS": 4}
20 Melton Road Mount Wellington Auckland City,{"x": 19461572.766068246, "y": -4426885.221252189},{"OBJECTID": 87674, "NAME": null, "ZONE": 27, "VALIDATIONSTATE": 3, "VERSIONSTATUS": 4}
21 Melton Road Mount Wellington Auckland City,{"x": 19461570.545363568, "y": -4426911.488436801},{"OBJECTID": 87674, "NAME": null, "ZONE": 27, "VALIDATIONSTATE": 3, "VERSIONSTATUS": 4}
22 Melton Road Mount Wellington Auckland City,{"x": 19461569.543488152, "y": -4426930.284093846},{"OBJECTID": 87674, "NAME": null, "ZONE": 27, "VALIDATIONSTATE": 3, "VERSIONSTATUS": 4}
23 Melton Road Mount Wellington Auckland City,{"x": 19461568.098374348, "y": -4426951.58587871},{"OBJECTID": 37965, "NAME": null, "ZONE": 27, "VALIDATIONSTATE": 3, "VERSIONSTATUS": 4}
5B Monier Place Mount Wellington Auckland City,{"x": 19461388.07588064, "y": -4425973.848307595},{"OBJECTID": 15738, "NAME": null, "ZONE": 27, "VALIDATIONSTATE": 3, "VERSIONSTATUS": 4}
3 Motu Place Mount Wellington Auckland City,{"x": 19462086.188303653, "y": -4424942.510638377},{"OBJECTID": 209081, "NAME": null, "ZONE": 27, "VALIDATIONSTATE": 3, "VERSIONSTATUS": 4}
16 Motu Place Mount Wellington Auckland City,{"x": 19462137.04059712, "y": -4425004.944336943},{"OBJECTID": 209081, "NAME": null, "ZONE": 27, "VALIDATIONSTATE": 3, "VERSIONSTATUS": 4}
17 Motu Place Mount Wellington Auckland City,{"x": 19462090.74409028, "y": -4425101.742811582},{"OBJECTID": 209081, "NAME": null, "ZONE": 27, "VALIDATIONSTATE": 3, "VERSIONSTATUS": 4}
22 Motu Place Mount Wellington Auckland City,{"x": 19462119.621521827, "y": -4425056.0984634925},{"OBJECTID": 209081, "NAME": null, "ZONE": 27, "VALIDATIONSTATE": 3, "VERSIONSTATUS": 4}
99 Mount Wellington Highway Mount Wellington Auckland City,{"x": 19463343.70684046, "y": -4425566.471167325},{"OBJECTID": 33303, "NAME": null, "ZONE": 27, "VALIDATIONSTATE": 3, "VERSIONSTATUS": 4}
101 Mount Wellington Highway Mount Wellington Auckland City,{"x": 19463338.314333282, "y": -4425578.852691761},{"OBJECTID": 33303, "NAME": null, "ZONE": 27, "VALIDATIONSTATE": 3, "VERSIONSTATUS": 4}
121 Mount Wellington Highway Mount Wellington Auckland City,{"x": 19463255.645851377, "y": -4425747.242269706},{"OBJECTID": 40548, "NAME": null, "ZONE": 27, "VALIDATIONSTATE": 3, "VERSIONSTATUS": 4}
125 Mount Wellington Highway Mount Wellington Auckland City,{"x": 19463223.25107657, "y": -4425809.752063892},{"OBJECTID": 40548, "NAME": null, "ZONE": 27, "VALIDATIONSTATE": 3, "VERSIONSTATUS": 4}
139 Mount Wellington Highway Mount Wellington Auckland City,{"x": 19463172.024800606, "y": -4425913.7837010035},{"OBJECTID": 121721, "NAME": null, "ZONE": 27, "VALIDATIONSTATE": 3, "VERSIONSTATUS": 4}
161 Mount Wellington Highway Mount Wellington Auckland City,{"x": 19463092.209528696, "y": -4426089.330309044},{"OBJECTID": 121721, "NAME": null, "ZONE": 27, "VALIDATIONSTATE": 3, "VERSIONSTATUS": 4}
163 Mount Wellington Highway Mount Wellington Auckland City,{"x": 19463084.07671774, "y": -4426105.618615584},{"OBJECTID": 121721, "NAME": null, "ZONE": 27, "VALIDATIONSTATE": 3, "VERSIONSTATUS": 4}
175 Mount Wellington Highway Mount Wellington Auckland City,{"x": 19463051.968335766, "y": -4426177.319863761},{"OBJECTID": 121721, "NAME": null, "ZONE": 27, "VALIDATIONSTATE": 3, "VERSIONSTATUS": 4}
183 Mount Wellington Highway Mount Wellington Auckland City,{"x": 19463028.334447924, "y": -4426226.138586679},{"OBJECTID": 55835, "NAME": null, "ZONE": 27, "VALIDATIONSTATE": 3, "VERSIONSTATUS": 4}
275 Mount Wellington Highway Mount Wellington Auckland City,{"x": 19462915.617357615, "y": -4426991.352270185},{"OBJECTID": 70033, "NAME": null, "ZONE": 27, "VALIDATIONSTATE": 3, "VERSIONSTATUS": 4}
279 Mount Wellington Highway Mount Wellington Auckland City,{"x": 19462920.85963581, "y": -4427025.9214473795},{"OBJECTID": 92321, "NAME": null, "ZONE": 27, "VALIDATIONSTATE": 3, "VERSIONSTATUS": 4}
4 New Brighton Road Mount Wellington Auckland City,{"x": 19463396.292050563, "y": -4430032.577850534},{"OBJECTID": 14557, "NAME": null, "ZONE": 27, "VALIDATIONSTATE": 3, "VERSIONSTATUS": 4}
6 New Brighton Road Mount Wellington Auckland City,{"x": 19463417.832372036, "y": -4430020.043746852},{"OBJECTID": 14557, "NAME": null, "ZONE": 27, "VALIDATIONSTATE": 3, "VERSIONSTATUS": 4}
8 New Brighton Road Mount Wellington Auckland City,{"x": 19463438.87175579, "y": -4430007.509657973},{"OBJECTID": 14557, "NAME": null, "ZONE": 27, "VALIDATIONSTATE": 3, "VERSIONSTATUS": 4}
11 New Brighton Road Mount Wellington Auckland City,{"x": 19463460.419509683, "y": -4430003.511371825},{"OBJECTID": 14557, "NAME": null, "ZONE": 27, "VALIDATIONSTATE": 3, "VERSIONSTATUS": 4}
12 New Brighton Road Mount Wellington Auckland City,{"x": 19463482.45333644, "y": -4429981.1881195055},{"OBJECTID": 14557, "NAME": null, "ZONE": 27, "VALIDATIONSTATE": 3, "VERSIONSTATUS": 4}
14 New Brighton Road Mount Wellington Auckland City,{"x": 19463503.492720198, "y": -4429968.654076509},{"OBJECTID": 14557, "NAME": null, "ZONE": 27, "VALIDATIONSTATE": 3, "VERSIONSTATUS": 4}
1A Pacific Rise Mount Wellington Auckland City,{"x": 19462931.312184103, "y": -4428202.739034748},{"OBJECTID": 89913, "NAME": null, "ZONE": 27, "VALIDATIONSTATE": 3, "VERSIONSTATUS": 4}
143 Panama Road Mount Wellington Auckland City,{"x": 19464698.508260038, "y": -4428743.974121155},{"OBJECTID": 66788, "NAME": null, "ZONE": 27, "VALIDATIONSTATE": 3, "VERSIONSTATUS": 4}
149 Panama Road Mount Wellington Auckland City,{"x": 19464789.058523536, "y": -4428658.9294371465},{"OBJECTID": 119504, "NAME": null, "ZONE": 27, "VALIDATIONSTATE": 3, "VERSIONSTATUS": 4}
186 Panama Road Mount Wellington Auckland City,{"x": 19464555.19823986, "y": -4428770.800587459},{"OBJECTID": 66788, "NAME": null, "ZONE": 27, "VALIDATIONSTATE": 3, "VERSIONSTATUS": 4}
192 Panama Road Mount Wellington Auckland City,{"x": 19464591.722448092, "y": -4428759.94300575},{"OBJECTID": 66788, "NAME": null, "ZONE": 27, "VALIDATIONSTATE": 3, "VERSIONSTATUS": 4}
194 Panama Road Mount Wellington Auckland City,{"x": 19464612.847523246, "y": -4428756.74332225},{"OBJECTID": 66788, "NAME": null, "ZONE": 27, "VALIDATIONSTATE": 3, "VERSIONSTATUS": 4}
200 Panama Road Mount Wellington Auckland City,{"x": 19464646.373026952, "y": -4428749.223762081},{"OBJECTID": 66788, "NAME": null, "ZONE": 27, "VALIDATIONSTATE": 3, "VERSIONSTATUS": 4}
208 Panama Road Mount Wellington Auckland City,{"x": 19464741.83758441, "y": -4428702.76417507},{"OBJECTID": 21876, "NAME": null, "ZONE": 27, "VALIDATIONSTATE": 3, "VERSIONSTATUS": 4}
220 Panama Road Mount Wellington Auckland City,{"x": 19464800.364463538, "y": -4428641.258666928},{"OBJECTID": 119504, "NAME": null, "ZONE": 27, "VALIDATIONSTATE": 3, "VERSIONSTATUS": 4}
258 Panama Road Mount Wellington Auckland City,{"x": 19465223.445079986, "y": -4428550.621136785},{"OBJECTID": 123408, "NAME": null, "ZONE": 27, "VALIDATIONSTATE": 3, "VERSIONSTATUS": 4}
260 Panama Road Mount Wellington Auckland City,{"x": 19465244.484463744, "y": -4428548.397721846},{"OBJECTID": 119866, "NAME": null, "ZONE": 27, "VALIDATIONSTATE": 3, "VERSIONSTATUS": 4}
262 Panama Road Mount Wellington Auckland City,{"x": 19465265.5238475, "y": -4428545.608193406},{"OBJECTID": 119866, "NAME": null, "ZONE": 27, "VALIDATIONSTATE": 3, "VERSIONSTATUS": 4}
264 Panama Road Mount Wellington Auckland City,{"x": 19465286.563231267, "y": -4428544.490650573},{"OBJECTID": 119866, "NAME": null, "ZONE": 27, "VALIDATIONSTATE": 3, "VERSIONSTATUS": 4}
276 Panama Road Mount Wellington Auckland City,{"x": 19465367.97284702, "y": -4428553.34500383},{"OBJECTID": 119866, "NAME": null, "ZONE": 27, "VALIDATIONSTATE": 3, "VERSIONSTATUS": 4}
292 Panama Road Mount Wellington Auckland City,{"x": 19465482.895716123, "y": -4428652.543692194},{"OBJECTID": 123021, "NAME": null, "ZONE": 27, "VALIDATIONSTATE": 3, "VERSIONSTATUS": 4}
352 Panama Road Mount Wellington Auckland City,{"x": 19465243.332031745, "y": -4429097.346544997},{"OBJECTID": 61851, "NAME": null, "ZONE": 27, "VALIDATIONSTATE": 3, "VERSIONSTATUS": 4}
354 Panama Road Mount Wellington Auckland City,{"x": 19465229.85977811, "y": -4429107.210973628},{"OBJECTID": 61851, "NAME": null, "ZONE": 27, "VALIDATIONSTATE": 3, "VERSIONSTATUS": 4}
360 Panama Road Mount Wellington Auckland City,{"x": 19465193.059262563, "y": -4429127.284229554},{"OBJECTID": 61851, "NAME": null, "ZONE": 27, "VALIDATIONSTATE": 3, "VERSIONSTATUS": 4}
364 Panama Road Mount Wellington Auckland City,{"x": 19465159.93211999, "y": -4429133.384402953},{"OBJECTID": 61851, "NAME": null, "ZONE": 27, "VALIDATIONSTATE": 3, "VERSIONSTATUS": 4}
366 Panama Road Mount Wellington Auckland City,{"x": 19465139.89461165, "y": -4429133.384402953},{"OBJECTID": 25987, "NAME": null, "ZONE": 27, "VALIDATIONSTATE": 3, "VERSIONSTATUS": 4}
414 Panama Road Mount Wellington Auckland City,{"x": 19464721.61162499, "y": -4429127.672352794},{"OBJECTID": 89510, "NAME": null, "ZONE": 27, "VALIDATIONSTATE": 3, "VERSIONSTATUS": 4}
446A Panama Road Mount Wellington Auckland City,{"x": 19464287.473777067, "y": -4429219.841879282},{"OBJECTID": 52184, "NAME": null, "ZONE": 27, "VALIDATIONSTATE": 3, "VERSIONSTATUS": 4}
456 Panama Road Mount Wellington Auckland City,{"x": 19464230.223033242, "y": -4429226.084933772},{"OBJECTID": 87859, "NAME": null, "ZONE": 27, "VALIDATIONSTATE": 3, "VERSIONSTATUS": 4}
81 Panorama Road Mount Wellington Auckland City,{"x": 19462146.083120015, "y": -4425491.853799585},{"OBJECTID": 15912, "NAME": null, "ZONE": 27, "VALIDATIONSTATE": 3, "VERSIONSTATUS": 4}
1 Parry Road Mount Wellington Auckland City,{"x": 19463604.203802045, "y": -4429918.179301398},{"OBJECTID": 104661, "NAME": null, "ZONE": 27, "VALIDATIONSTATE": 3, "VERSIONSTATUS": 4}
4 Parry Road Mount Wellington Auckland City,{"x": 19463630.441074997, "y": -4429896.193319393},{"OBJECTID": 104661, "NAME": null, "ZONE": 27, "VALIDATIONSTATE": 3, "VERSIONSTATUS": 4}
18 Parry Road Mount Wellington Auckland City,{"x": 19463740.381987378, "y": -4429858.11301479},{"OBJECTID": 104661, "NAME": null, "ZONE": 27, "VALIDATIONSTATE": 3, "VERSIONSTATUS": 4}
24 Parry Road Mount Wellington Auckland City,{"x": 19463776.232548546, "y": -4429851.7073410405},{"OBJECTID": 103632, "NAME": null, "ZONE": 27, "VALIDATIONSTATE": 3, "VERSIONSTATUS": 4}
26 Parry Road Mount Wellington Auckland City,{"x": 19463803.634831447, "y": -4429847.823136251},{"OBJECTID": 34016, "NAME": null, "ZONE": 27, "VALIDATIONSTATE": 3, "VERSIONSTATUS": 4}
32 Parry Road Mount Wellington Auckland City,{"x": 19463837.19765792, "y": -4429841.556191645},{"OBJECTID": 34016, "NAME": null, "ZONE": 27, "VALIDATIONSTATE": 3, "VERSIONSTATUS": 4}
4 Peace Avenue Mount Wellington Auckland City,{"x": 19464931.129520997, "y": -4428871.966346053},{"OBJECTID": 123026, "NAME": null, "ZONE": 27, "VALIDATIONSTATE": 3, "VERSIONSTATUS": 4}
10 Peace Avenue Mount Wellington Auckland City,{"x": 19464857.288361914, "y": -4428878.123378868},{"OBJECTID": 123026, "NAME": null, "ZONE": 27, "VALIDATIONSTATE": 3, "VERSIONSTATUS": 4}
63 Penrose Road Mount Wellington Auckland City,{"x": 19460970.147907253, "y": -4426406.321186286},{"OBJECTID": 78545, "NAME": null, "ZONE": 27, "VALIDATIONSTATE": 3, "VERSIONSTATUS": 4}
65 Penrose Road Mount Wellington Auckland City,{"x": 19460974.379284497, "y": -4426399.224968121},{"OBJECTID": 78545, "NAME": null, "ZONE": 27, "VALIDATIONSTATE": 3, "VERSIONSTATUS": 4}
149 Penrose Road Mount Wellington Auckland City,{"x": 19461499.8864201, "y": -4426249.366616902},{"OBJECTID": 31077, "NAME": null, "ZONE": 27, "VALIDATIONSTATE": 3, "VERSIONSTATUS": 4}
165 Penrose Road Mount Wellington Auckland City,{"x": 19461646.208088942, "y": -4426249.199340498},{"OBJECTID": 104166, "NAME": null, "ZONE": 27, "VALIDATIONSTATE": 3, "VERSIONSTATUS": 4}
178 Penrose Road Mount Wellington Auckland City,{"x": 19461983.458239935, "y": -4426245.938083023},{"OBJECTID": 77397, "NAME": null, "ZONE": 27, "VALIDATIONSTATE": 3, "VERSIONSTATUS": 4}
220 Penrose Road Mount Wellington Auckland City,{"x": 19462418.928688724, "y": -4426056.333765741},{"OBJECTID": 105318, "NAME": null, "ZONE": 27, "VALIDATIONSTATE": 3, "VERSIONSTATUS": 4}
222 Penrose Road Mount Wellington Auckland City,{"x": 19462437.55548638, "y": -4426062.785179597},{"OBJECTID": 105318, "NAME": null, "ZONE": 27, "VALIDATIONSTATE": 3, "VERSIONSTATUS": 4}
225 Penrose Road Mount Wellington Auckland City,{"x": 19462163.884304013, "y": -4426079.631819975},{"OBJECTID": 113885, "NAME": null, "ZONE": 27, "VALIDATIONSTATE": 3, "VERSIONSTATUS": 4}
230 Penrose Road Mount Wellington Auckland City,{"x": 19462583.510788243, "y": -4426149.105919055},{"OBJECTID": 340122, "NAME": null, "ZONE": 27, "VALIDATIONSTATE": 3, "VERSIONSTATUS": 4}
232 Penrose Road Mount Wellington Auckland City,{"x": 19462602.038561728, "y": -4426159.960831527},{"OBJECTID": 340122, "NAME": null, "ZONE": 27, "VALIDATIONSTATE": 3, "VERSIONSTATUS": 4}
233 Penrose Road Mount Wellington Auckland City,{"x": 19462335.132702738, "y": -4426067.261380715},{"OBJECTID": 53773, "NAME": null, "ZONE": 27, "VALIDATIONSTATE": 3, "VERSIONSTATUS": 4}
241 Penrose Road Mount Wellington Auckland City,{"x": 19462441.239455555, "y": -4426073.145389041},{"OBJECTID": 105318, "NAME": null, "ZONE": 27, "VALIDATIONSTATE": 3, "VERSIONSTATUS": 4}
245 Penrose Road Mount Wellington Auckland City,{"x": 19462469.248805154, "y": -4426090.845615769},{"OBJECTID": 105318, "NAME": null, "ZONE": 27, "VALIDATIONSTATE": 3, "VERSIONSTATUS": 4}
263 Penrose Road Mount Wellington Auckland City,{"x": 19462595.0086707, "y": -4426165.851964923},{"OBJECTID": 340122, "NAME": null, "ZONE": 27, "VALIDATIONSTATE": 3, "VERSIONSTATUS": 4}
265 Penrose Road Mount Wellington Auckland City,{"x": 19462610.65554728, "y": -4426174.3513268875},{"OBJECTID": 340122, "NAME": null, "ZONE": 27, "VALIDATIONSTATE": 3, "VERSIONSTATUS": 4}
267 Penrose Road Mount Wellington Auckland City,{"x": 19462627.18649166, "y": -4426183.257683063},{"OBJECTID": 340122, "NAME": null, "ZONE": 27, "VALIDATIONSTATE": 3, "VERSIONSTATUS": 4}
277 Penrose Road Mount Wellington Auckland City,{"x": 19462708.72153054, "y": -4426232.258772862},{"OBJECTID": 340122, "NAME": null, "ZONE": 27, "VALIDATIONSTATE": 3, "VERSIONSTATUS": 4}
279 Penrose Road Mount Wellington Auckland City,{"x": 19462725.252474926, "y": -4426243.535441865},{"OBJECTID": 115636, "NAME": null, "ZONE": 27, "VALIDATIONSTATE": 3, "VERSIONSTATUS": 4}
281 Penrose Road Mount Wellington Auckland City,{"x": 19462743.286232434, "y": -4426253.5591576975},{"OBJECTID": 115636, "NAME": null, "ZONE": 27, "VALIDATIONSTATE": 3, "VERSIONSTATUS": 4}
6 Portman Road Mount Wellington Auckland City,{"x": 19461300.447447583, "y": -4426827.6281900285},{"OBJECTID": 55124, "NAME": null, "ZONE": 27, "VALIDATIONSTATE": 3, "VERSIONSTATUS": 4}
8 Portman Road Mount Wellington Auckland City,{"x": 19461288.03248179, "y": -4426811.203105637},{"OBJECTID": 55124, "NAME": null, "ZONE": 27, "VALIDATIONSTATE": 3, "VERSIONSTATUS": 4}
10 Portman Road Mount Wellington Auckland City,{"x": 19461275.008101363, "y": -4426792.40765935},{"OBJECTID": 55124, "NAME": null, "ZONE": 27, "VALIDATIONSTATE": 3, "VERSIONSTATUS": 4}
12 Portman Road Mount Wellington Auckland City,{"x": 19461261.482783236, "y": -4426776.118299476},{"OBJECTID": 55124, "NAME": null, "ZONE": 27, "VALIDATIONSTATE": 3, "VERSIONSTATUS": 4}
14 Portman Road Mount Wellington Auckland City,{"x": 19461249.243324384, "y": -4426758.858949207},{"OBJECTID": 122943, "NAME": null, "ZONE": 27, "VALIDATIONSTATE": 3, "VERSIONSTATUS": 4}
30 Portman Road Mount Wellington Auckland City,{"x": 19461188.540617835, "y": -4426587.252872204},{"OBJECTID": 45577, "NAME": null, "ZONE": 27, "VALIDATIONSTATE": 3, "VERSIONSTATUS": 4}
31 Portman Road Mount Wellington Auckland City,{"x": 19461163.71570971, "y": -4426517.761759097},{"OBJECTID": 45577, "NAME": null, "ZONE": 27, "VALIDATIONSTATE": 3, "VERSIONSTATUS": 4}
32 Portman Road Mount Wellington Auckland City,{"x": 19461177.238352314, "y": -4426564.2947506895},{"OBJECTID": 45577, "NAME": null, "ZONE": 27, "VALIDATIONSTATE": 3, "VERSIONSTATUS": 4}
35 Portman Road Mount Wellington Auckland City,{"x": 19461147.969686896, "y": -4426479.0662823375},{"OBJECTID": 45577, "NAME": null, "ZONE": 27, "VALIDATIONSTATE": 3, "VERSIONSTATUS": 4}
37 Portman Road Mount Wellington Auckland City,{"x": 19461139.335938238, "y": -4426456.512456142},{"OBJECTID": 45577, "NAME": null, "ZONE": 27, "VALIDATIONSTATE": 3, "VERSIONSTATUS": 4}
41 Portman Road Mount Wellington Auckland City,{"x": 19461122.46153446, "y": -4426421.850424006},{"OBJECTID": 45577, "NAME": null, "ZONE": 27, "VALIDATIONSTATE": 3, "VERSIONSTATUS": 4}
43 Portman Road Mount Wellington Auckland City,{"x": 19461106.152178757, "y": -4426401.1141949035},{"OBJECTID": 45577, "NAME": null, "ZONE": 27, "VALIDATIONSTATE": 3, "VERSIONSTATUS": 4}
49 Portman Road Mount Wellington Auckland City,{"x": 19461057.820193496, "y": -4426353.085240679},{"OBJECTID": 45577, "NAME": null, "ZONE": 27, "VALIDATIONSTATE": 3, "VERSIONSTATUS": 4}
52A Portman Road Mount Wellington Auckland City,{"x": 19461109.992971044, "y": -4426418.653999736},{"OBJECTID": 45577, "NAME": null, "ZONE": 27, "VALIDATIONSTATE": 3, "VERSIONSTATUS": 4}
56 Portman Road Mount Wellington Auckland City,{"x": 19461092.473117817, "y": -4426398.332380695},{"OBJECTID": 45577, "NAME": null, "ZONE": 27, "VALIDATIONSTATE": 3, "VERSIONSTATUS": 4}
58 Portman Road Mount Wellington Auckland City,{"x": 19461076.94404885, "y": -4426381.896290943},{"OBJECTID": 45577, "NAME": null, "ZONE": 27, "VALIDATIONSTATE": 3, "VERSIONSTATUS": 4}
4 Price Crescent Mount Wellington Auckland City,{"x": 19462118.852669578, "y": -4426638.732023988},{"OBJECTID": 210519, "NAME": null, "ZONE": 27, "VALIDATIONSTATE": 3, "VERSIONSTATUS": 4}
13 Price Crescent Mount Wellington Auckland City,{"x": 19462064.296335544, "y": -4426658.566555206},{"OBJECTID": 210519, "NAME": null, "ZONE": 27, "VALIDATIONSTATE": 3, "VERSIONSTATUS": 4}
16 Price Crescent Mount Wellington Auckland City,{"x": 19462037.36630449, "y": -4426678.823173742},{"OBJECTID": 210519, "NAME": null, "ZONE": 27, "VALIDATIONSTATE": 3, "VERSIONSTATUS": 4}
18 Price Crescent Mount Wellington Auckland City,{"x": 19462000.507967558, "y": -4426739.544409257},{"OBJECTID": 210519, "NAME": null, "ZONE": 27, "VALIDATIONSTATE": 3, "VERSIONSTATUS": 4}
33 Price Crescent Mount Wellington Auckland City,{"x": 19461998.862435054, "y": -4426754.4666229915},{"OBJECTID": 210519, "NAME": null, "ZONE": 27, "VALIDATIONSTATE": 3, "VERSIONSTATUS": 4}
33C Price Crescent Mount Wellington Auckland City,{"x": 19461988.03468584, "y": -4426728.781651095},{"OBJECTID": 210519, "NAME": null, "ZONE": 27, "VALIDATIONSTATE": 3, "VERSIONSTATUS": 4}
55 Price Crescent Mount Wellington Auckland City,{"x": 19462134.80427277, "y": -4426863.045717958},{"OBJECTID": 212497, "NAME": null, "ZONE": 27, "VALIDATIONSTATE": 3, "VERSIONSTATUS": 4}
